,id,Email,Password,FirstName,LastName,Address,Phone,HireDate,EmployeeType
0,1,eryk75@example.org,2d5AmRMv)X,Sylwia,Leszcz,"al. Pszenna 401
98-936 Bielawa",660 832 895,1986-10-22,1
1,2,stefankurtyka@example.com,(E$X3IXlUf,Kacper,Golonko,"pl. Listopada 29/42
37-140 Kościerzyna",662 332 492,1998-12-01,0
2,3,sylwiagradziel@example.com,3)6KKzDT)S,Igor,Latacz,"ul. Brzozowa 66
35-041 Jasło",+48 577 675 363,2004-01-02,0
3,4,lesnyszymon@example.org,HnS2GHfM*@,Olga,Dynak,"aleja Klonowa 006
93-718 Gniezno",+48 698 843 066,1975-04-20,1
4,5,filip31@example.com,a8E%Vtcp+1,Anita,Małocha,"aleja Słowackiego 69
59-842 Września",+48 727 518 860,1974-03-08,0
5,6,jozefmacha@example.org,J7o$h_Qu&2,Oliwier,Baka,"al. Skargi 56
48-112 Słupsk",885 126 033,1974-03-25,1
6,7,dominiknalewajek@example.com,_W3jH1yLOo,Mateusz,Kusek,"plac Jodłowa 03/64
75-869 Swarzędz",508 556 768,1990-12-05,0
7,8,drobnymaksymilian@example.org,*ZAjgGMRA5,Julian,Bruś,"ul. Maja 520
15-501 Kołobrzeg",794 421 208,2004-08-12,0
8,9,ratkaalbert@example.com,Iti4W2JNS),Józef,Pastuła,"ulica Gałczynskiego 262
18-715 Lubliniec",888 412 411,1974-03-28,0
9,10,skwiralukasz@example.com,v40KYy&v@F,Julian,Nazimek,"aleja Wschodnia 682
51-427 Dębica",+48 509 897 226,2023-10-14,1
10,11,semikjacek@example.org,*#6RJ&uukk,Iwo,Chwalisz,"ul. Kruczkowskiego 58
89-957 Zambrów",513 800 865,2002-02-26,0
11,12,pawel62@example.org,E(q)7D3yxy,Damian,Huczko,"plac Piękna 311
39-281 Wołomin",513 581 044,1997-10-15,1
12,13,akrauz@example.net,ioAjN5Q%A^,Gabriel,Gronkiewicz,"plac Żeromskiego 97
74-746 Świecie",737 530 981,1973-09-30,0
13,14,lkobryn@example.net,&1jS%LWeY4,Józef,Bodek,"pl. Chopina 36
69-199 Piastów",+48 737 905 942,1979-07-23,1
14,15,antonirychel@example.com,7#77Z0pa+D,Ernest,Płócienniczak,"pl. Poziomkowa 35/15
69-705 Ostrowiec Świętokrzyski",+48 505 472 313,1997-08-28,1
15,16,zygulaolgierd@example.net,YO&Pfusb)5,Kornelia,Elsner,"ulica Malczewskiego 61
39-004 Świebodzice",+48 517 966 975,1978-12-28,1
16,17,akott@example.org,yRuTAOU%*4,Anna Maria,Tyniec,"al. Zbożowa 76
57-045 Wyszków",+48 662 010 853,2013-12-30,1
17,18,wochab@example.org,qD4SZraU(o,Arkadiusz,Pelka,"ul. Tęczowa 12/56
64-406 Olkusz",535 893 796,1997-05-25,1
18,19,michal47@example.com,7$5WmAkaue,Grzegorz,Wołczyk,"aleja Konstytucji 3 Maja 545
93-654 Chojnice",663 496 935,2011-11-08,0
19,20,tbaster@example.net,&@61^KKs5^,Sandra,Łukowicz,"plac Skłodowskiej-Curie 50/50
78-001 Bydgoszcz",32 203 19 19,1976-10-22,0
20,21,karinabela@example.net,Y#)2Rec9&!,Tobiasz,Minta,"aleja Powstańców 987
01-832 Gdańsk",+48 736 257 532,1987-12-08,0
21,22,choinafilip@example.net,7B9L$fMw@(,Elżbieta,Lesiewicz,"ul. Glówna 62
90-388 Płońsk",661 139 251,2016-09-07,1
22,23,awandzel@example.net,^hoLAmO!25,Ryszard,Szumiec,"ul. Kasztanowa 733
23-415 Szczecin",607 392 259,1976-09-14,0
23,24,oskarbosek@example.com,ymIkVSbS^4,Adrian,Dudzicz,"ulica Miodowa 04
66-678 Starachowice",605 283 025,2002-07-15,0
24,25,ujarczyk@example.org,QIbd@1Crw3,Wiktor,Wojsław,"al. Skargi 998
75-882 Siedlce",695 021 851,2005-01-30,1
25,26,pasichnatan@example.org,)6752S_e$B,Karina,Legutko,"ul. Nadbrzeżna 03/77
54-692 Płońsk",+48 575 486 172,2006-09-22,1
26,27,fryderyksereda@example.com,@TH2m!ri5+,Tomasz,Krępa,"plac Poziomkowa 359
58-905 Płońsk",+48 889 643 105,1972-11-27,0
27,28,npalonek@example.com,i)#XAbTm(2,Kornel,Goral,"ulica Żurawia 319
20-880 Jastrzębie-Zdrój",+48 22 745 31 73,1978-12-15,0
28,29,sonialula@example.com,$l41QVv8@u,Urszula,Karpeta,"ul. Łąkowa 399
68-898 Łuków",22 333 98 29,1999-09-28,0
29,30,ptomaszuk@example.net,@A5gsA7mGA,Justyna,Mizgała,"plac Fabryczna 71/39
62-988 Legionowo",515 028 228,1985-06-01,0
30,31,tadeuszwasiewicz@example.net,I!4eL#v!g(,Eryk,Kwapis,"plac Rumiankowa 15
99-604 Bielsko-Biała",+48 668 696 205,2000-07-06,1
31,32,pmazek@example.com,_xkI8dpF(6,Kornelia,Kaczka,"plac Wiatraczna 140
27-715 Wejherowo",572 917 182,1995-08-09,0
32,33,leonardlipok@example.net,c&8E#VDL&4,Lidia,Białka,"pl. Wysoka 745
54-196 Zawiercie",32 356 90 13,2009-03-19,0
33,34,roksanapasiak@example.org,UyXCOmAl^5,Stanisław,Konstanty,"pl. Wojciecha 938
35-974 Warszawa",571 648 411,2020-09-20,0
34,35,cpalak@example.org,)bYEr+6OV1,Konstanty,Jezior,"ulica Lubelska 34
88-125 Myszków",+48 699 987 381,1988-04-09,0
35,36,ckieloch@example.com,2*+8)AHwBq,Inga,Smagacz,"aleja Stolarska 750
80-824 Brzeg",735 134 035,1975-10-31,1
36,37,xdzialak@example.net,nyM5Vd1r&k,Agnieszka,Lizoń,"al. Lisia 74/37
44-714 Łódź",721 352 337,2005-12-13,0
37,38,bgrebowiec@example.com,K2LVUsNz+l,Kamila,Kozica,"al. Szmaragdowa 739
49-591 Mikołów",+48 738 508 961,1972-04-27,1
38,39,otrembasylwia@example.org,r7%6BzInb4,Cezary,Ziegler,"ul. Piekarska 779
18-386 Pszczyna",660 980 733,1974-09-11,1
39,40,malwina56@example.com,FQ5_4#Ew1!,Arkadiusz,Detka,"al. Jasna 24/25
13-058 Czechowice-Dziedzice",+48 665 242 915,1990-06-01,1
40,41,yjacak@example.net,6gmrSO6r&D,Olaf,Osiadacz,"pl. Wiatraczna 817
64-418 Gdynia",+48 795 224 812,2001-10-01,0
41,42,rafalmajtyka@example.net,##5oDHprpQ,Karol,Krüger,"ulica Nowowiejska 57
46-248 Bartoszyce",+48 885 850 663,1993-02-21,0
42,43,tgroborz@example.net,u^9KuUWfeU,Jakub,Bociek,"al. Majowa 936
43-863 Kętrzyn",+48 513 700 068,2002-03-18,0
43,44,radoslawzelasko@example.net,EXR+K6Edr0,Aniela,Kuska,"pl. Matejki 27
11-881 Legionowo",+48 538 971 037,1991-01-15,1
44,45,fidosgustaw@example.net,Tc1tFs*eZ%,Jeremi,Smutek,"aleja Wypoczynkowa 71/58
88-802 Głogów",721 435 378,2014-02-22,0
45,46,dkozieja@example.org,*$a4Aemy@h,Eryk,Cygal,"ulica Powstańców Śląskich 459
23-149 Pabianice",+48 737 401 382,2001-01-09,0
46,47,gabrielbrojek@example.net,n)8QDmR(9k,Kalina,Pochroń,"plac Złota 81
86-961 Tarnowskie Góry",664 678 367,1971-10-24,1
47,48,kacper06@example.com,6dZXGMme$q,Mateusz,Ciesielczyk,"al. Fredry 71/15
69-703 Giżycko",+48 32 801 92 10,1998-04-23,1
48,49,gnyproksana@example.net,IRRbV1mgd#,Krzysztof,Goś,"plac Wyszyńskiego 400
51-711 Bytom",+48 22 017 77 36,2022-06-14,0
49,50,kalina20@example.org,YY#^8Bzw+@,Alan,Wożniak,"al. Zacisze 89
29-549 Wałcz",888 870 461,2022-07-06,1
50,51,dysernest@example.com,(bLg0LQkL3,Monika,Gomuła,"plac Borowa 10
47-885 Mikołów",668 666 953,1995-07-31,1
51,52,zdobylakjerzy@example.org,X8fPc+Zv+h,Olaf,Koss,"pl. Środkowa 53/24
82-531 Kłodzko",+48 732 870 361,2007-04-04,0
52,53,cduszkiewicz@example.com,#8+NWchuFz,Błażej,Watras,"pl. Andersa 35
82-821 Włocławek",577 263 408,2003-08-15,1
53,54,dstojak@example.org,agESGxmn%7,Fabian,Bacia,"aleja Rózana 208
05-742 Bielawa",727 894 924,2013-04-10,0
54,55,szajekanna-maria@example.org,o%5Q+KojhK,Julianna,Tryka,"aleja Wiklinowa 35/32
53-181 Krosno",+48 881 465 308,1999-11-10,1
55,56,damian25@example.net,#BqPn!R49B,Filip,Hewelt,"al. Okrężna 99/92
30-544 Tychy",576 622 384,2002-10-25,0
56,57,robertmatraszek@example.net,%KJ07kruH3,Kornel,Bok,"pl. Chabrowa 68/16
20-884 Kraków",+48 602 723 479,1974-06-08,0
57,58,boryskrasa@example.com,g@R3vDiE#&,Stefan,Cukier,"aleja Chabrowa 21/80
49-116 Zabrze",531 505 540,2004-09-05,0
58,59,freitagjulian@example.org,7$7oeOm1_d,Sylwia,Pindral,"pl. Bałtycka 699
07-356 Zielona Góra",692 897 607,1995-06-05,0
59,60,tymonmatyjasek@example.net,#)0Um)t7#4,Julian,Pancerz,"al. Zwycięstwa 316
87-245 Bytom",+48 600 637 885,2018-06-09,1
60,61,janinahajduga@example.com,&6u*IfLzE8,Michał,Kawala,"ulica Makowa 735
30-954 Piekary Śląskie",+48 32 121 69 32,1990-09-01,0
61,62,staregakonrad@example.com,R(iBUJug*2,Marcin,Wojtunik,"ul. Jabłoniowa 12/11
46-810 Knurów",+48 500 712 765,1990-09-11,0
62,63,marika09@example.net,nVVLHkqR%7,Maurycy,Dębniak,"ulica Narcyzowa 072
72-424 Sochaczew",+48 787 709 597,2012-02-23,0
63,64,martinryszard@example.net,e@Y7W_stXt,Borys,Felisiak,"al. Czereśniowa 94
45-269 Zakopane",+48 22 977 07 51,2002-02-07,1
64,65,koperekjuliusz@example.net,quv7Q2rC#4,Marika,Meissner,"al. Daleka 42/38
93-786 Łuków",+48 515 814 806,1976-09-13,1
65,66,kojmieszko@example.org,6!%h6%DqE#,Patryk,Habdas,"al. Gdańska 30
29-541 Tychy",+48 513 135 529,1972-04-11,1
66,67,jedrzejsliz@example.com,*mLsrm5b11,Dawid,Osiadacz,"plac Reja 058
27-511 Giżycko",+48 32 376 98 83,2014-09-14,1
67,68,trzopalex@example.com,Y%%1GAYv*),Melania,Plak,"ulica Dworcowa 54
48-416 Bochnia",507 489 154,1988-10-26,0
68,69,burchardtjustyna@example.net,)8PRfk$HVd,Alan,Ciarka,"pl. Makowa 63
59-323 Kędzierzyn-Koźle",22 129 38 47,2022-03-15,1
69,70,szpalamariusz@example.org,96(4oTmu%4,Gaja,Szymula,"pl. Pomorska 08
19-010 Police",+48 32 445 07 51,1976-01-11,1
70,71,oskar56@example.org,_j+w*P!w_9,Angelika,Dynak,"pl. Piekarska 79/51
95-065 Sanok",+48 32 988 11 98,2002-11-07,1
71,72,gustawtylek@example.org,pg2Cqdz@E$,Sara,Strzępek,"ul. Spokojna 320
20-980 Zamość",+48 538 739 359,2013-06-27,1
72,73,sakwamalwina@example.org,#)azn+Iy6@,Tymon,Szumna,"aleja Perłowa 55
32-422 Olkusz",575 562 253,1982-09-16,1
73,74,oliwier54@example.org,2h&3FCaso!,Olgierd,Pielech,"al. Klasztorna 10/75
69-049 Mława",+48 539 731 895,1994-06-19,0
74,75,ctos@example.org,v7m+2Cf8*6,Bruno,Surdyk,"al. Powstańców Wielkopolskich 66
75-564 Głogów",+48 796 106 820,2008-06-25,1
75,76,paczosnicole@example.net,M%4&HDhw+V,Ada,Godyń,"al. Zakole 561
31-609 Zambrów",573 850 189,2001-10-18,0
76,77,drykaszymon@example.net,*t%T(9Mph2,Aleks,Osipowicz,"ul. Pocztowa 24
94-080 Zduńska Wola",+48 500 781 813,1987-09-02,0
77,78,juliandziala@example.com,%F892uSz_4,Eryk,Tomaszuk,"al. Rolna 86/97
89-273 Kalisz",22 666 41 27,1985-09-05,0
78,79,olgierd12@example.org,gKnWxdyY#3,Bruno,Duczek,"ulica Letniskowa 35
25-179 Gdynia",732 896 599,1991-05-04,0
79,80,ida80@example.net,DfW9NfO&W^,Błażej,Korbel,"ul. Maczka 551
90-167 Dąbrowa Górnicza",723 797 504,1989-06-15,0
80,81,tola77@example.com,Y(*O)oJW!8,Radosław,Protasiuk,"ulica Sarnia 939
87-206 Żagań",695 328 856,2000-03-06,1
81,82,pnalazek@example.net,@07BsfoeRj,Fabian,Detka,"al. Bydgoska 00/84
46-650 Żyrardów",609 427 831,1975-01-07,0
82,83,yniescior@example.org,w9SZ^Tsz%^,Artur,Hajdukiewicz,"ul. Rejtana 877
17-982 Wyszków",+48 729 185 008,2008-10-01,0
83,84,klinkoszmarcin@example.net,^B(KLBBlu2,Krystyna,Choroś,"plac Ciasna 19
43-632 Chełm",+48 732 027 109,1972-12-22,0
84,85,fabianpyrkosz@example.com,+%0EHG&uTD,Jacek,Kasiak,"ul. Koralowa 33
33-291 Żagań",796 475 603,2023-01-03,0
85,86,lidia74@example.org,Eg4F^oofU+,Malwina,Koperek,"al. Spacerowa 42/07
07-434 Malbork",+48 790 760 541,1988-12-04,0
86,87,apolonia49@example.org,0+m1ApAc%3,Dorota,Fidura,"al. Mostowa 126
24-950 Jelenia Góra",+48 504 723 574,1993-06-10,1
87,88,rswitaj@example.net,A4ls0Aru@5,Andrzej,Biesek,"plac Okrzei 21
49-852 Radom",690 925 040,1987-05-19,1
88,89,kamila25@example.org,*5SKSgSO@n,Karina,Durys,"aleja Targowa 01/47
44-728 Tczew",+48 605 504 459,1975-11-05,1
89,90,fedykmateusz@example.org,*8ZTA&VxJK,Gabriel,Domian,"aleja Rycerska 58/50
09-223 Nysa",+48 508 151 702,2007-08-05,1
90,91,piszczjustyna@example.com,5iXEVMvn$4,Justyna,Leśna,"al. Wieniawskiego 859
04-941 Wejherowo",+48 502 724 209,2018-01-25,0
91,92,krzysztofpietrusiak@example.org,IC8YQTz^+R,Aniela,Siemieniec,"aleja Lotnicza 938
75-846 Oleśnica",889 926 906,1984-11-13,0
92,93,jjacak@example.org,F%o62QmcS1,Bartek,Kurzac,"ul. Leśna 96/40
61-711 Mielec",22 468 23 57,1973-04-27,0
93,94,fborkowicz@example.net,wZhGB+8qF%,Kornelia,Garncarek,"ul. Rumiankowa 58
97-010 Września",732 313 083,2003-07-08,1
94,95,wolknorbert@example.com,&4EFhDzs5x,Radosław,Michniak,"ulica Moniuszki 42
93-504 Zduńska Wola",+48 791 016 074,2004-02-23,0
95,96,witold96@example.net,C_xE5Eq4Tk,Arkadiusz,Wołkowicz,"plac Władysława Łokietka 71
04-049 Siedlce",+48 782 370 540,2001-04-15,1
96,97,rmarkiel@example.net,*9RxDPsO8(,Kalina,Zębik,"plac Letniskowa 903
53-411 Stalowa Wola",+48 780 342 012,1975-09-10,0
97,98,nikodemsularz@example.net,A#6X5ZgY&7,Klara,Hak,"plac Andersa 844
99-942 Biłgoraj",727 101 676,1991-08-16,0
98,99,grzegorz74@example.net,RIh0fSCa(4,Marcel,Szlęk,"ulica Poznańska 92
52-024 Bydgoszcz",+48 797 524 329,1978-06-21,0
