,ModuleID,RecordingUrl
0,71,https://www.parkitna-czosnyka.pl/
1,36,http://www.fpuh.net/
2,23,https://tarasek-karalus.org/
3,93,https://www.ppuh.com/
4,81,https://grupa.net/
5,69,https://ppuh.com/
6,63,http://www.ppuh.pl/
7,73,http://www.stupak-wieclawek.org/
8,44,http://www.spoldzielnia.com/
9,60,https://www.stowarzyszenie.com/
10,62,http://www.gabinety.org/
11,11,https://ppuh.pl/
12,48,https://www.grupa.com/
13,67,https://radko.net/
14,18,https://www.grupa.com/
15,61,https://www.gabinety.com/
16,7,http://andrukiewicz.com/
17,95,http://www.fundacja.pl/
18,36,http://www.fpuh.com/
19,30,http://www.spoldzielnia.com/
20,40,http://www.fundacja.pl/
21,87,http://www.ppuh.com/
22,79,http://www.fundacja.com/
23,62,https://fundacja.com/
24,85,https://grupa.com/
25,68,https://galos.pl/
26,62,https://www.tymczyszyn.pl/
27,96,https://www.fpuh.com/
28,24,http://www.lys.pl/
29,64,http://www.syroka.net/
30,92,https://www.galach-kurant.org/
31,68,http://www.gabinety.pl/
32,16,https://grupa.net/
33,31,https://www.spoldzielnia.pl/
34,100,http://twardy-samoraj.pl/
35,16,https://www.ziarno.com/
36,51,http://www.gabinety.pl/
37,77,http://www.bazylewicz.net/
38,26,http://smoczyk-gumieniak.pl/
39,78,https://michel.pl/
40,98,http://stowarzyszenie.org/
41,31,http://fiutak-gryta.com/
42,23,https://labus-melaniuk.com/
43,91,http://www.grupa.org/
44,58,http://www.gabinety.com/
45,5,https://pronobis.org/
46,58,https://www.gabinety.com/
47,5,http://www.ppuh.net/
48,11,http://www.fundacja.pl/
49,59,http://stowarzyszenie.com/
50,3,http://fpuh.pl/
51,54,https://www.fpuh.net/
52,50,https://wojewodka.com/
53,94,https://www.maszkiewicz-klepka.org/
54,47,https://www.kunc-duras.com/
55,87,https://gorol-kopiczko.com/
56,98,http://grupa.com/
57,10,http://parzonka.pl/
58,93,http://fpuh.pl/
59,7,https://www.mak.com/
60,12,http://www.dylong.pl/
61,91,http://staniewicz.com/
62,84,http://fpuh.pl/
63,9,https://www.wiercigroch-rudzik.pl/
64,36,http://www.grupa.pl/
65,15,https://www.kurc-banek.com/
66,5,http://www.gabinety.pl/
67,7,http://gabinety.net/
68,30,http://www.calik.pl/
69,35,https://www.gabinety.pl/
70,30,http://megger.pl/
71,35,https://kotala-pietrusiewicz.pl/
72,73,http://spoldzielnia.com/
73,100,http://ciurus.pl/
74,35,http://ppuh.pl/
75,27,http://mitera.com/
76,48,https://www.fpuh.pl/
77,94,http://www.fpuh.pl/
78,26,http://fpuh.com/
79,68,http://gabinety.pl/
80,50,http://wegrzyk-sieja.net/
81,8,http://www.piwowarek-chaber.pl/
82,30,http://planeta-kurys.org/
83,96,https://www.fpuh.pl/
84,2,http://www.fpuh.pl/
85,15,http://spoldzielnia.org/
86,66,http://klinger-sprawka.com/
87,71,https://powazka.com/
88,33,http://www.antoszczyk-fidura.net/
89,37,http://www.guzdek-gierek.pl/
90,97,https://gabinety.pl/
91,11,http://zegadlo-gryska.pl/
92,10,http://www.gabinety.pl/
93,6,http://larysz.com/
94,27,https://www.spoldzielnia.com/
95,38,http://polom-odrzywolek.com/
96,24,https://www.gabinety.org/
97,98,https://www.fundacja.com/
98,45,http://www.bzdega-szatanik.pl/
99,21,http://www.ernst-westfal.com/
100,63,http://goj.com/
101,26,http://fundacja.pl/
102,17,https://martin-mordal.pl/
103,24,http://staniaszek-stanislawek.com/
104,33,http://www.fpuh.com/
105,71,http://www.gabinety.pl/
106,29,http://www.fpuh.com/
107,74,https://kiryluk-osko.pl/
108,42,https://parada-gamon.net/
109,13,http://www.olchawa-gwara.com/
110,12,http://www.huszcza.pl/
111,15,http://fundacja.org/
112,61,http://www.fundacja.com/
113,68,http://ppuh.com/
114,91,http://konieczek.com/
115,27,http://www.golas-myszak.pl/
116,54,https://spoldzielnia.pl/
117,50,http://fundacja.com/
118,80,http://www.jazwiec-szyma.com/
119,71,http://www.bicz-kuzior.pl/
120,32,https://spoldzielnia.pl/
121,18,https://www.myrcha.com/
122,87,http://fpuh.com/
123,92,http://gabinety.org/
124,27,https://www.poleszak-kupaj.org/
125,50,https://gabinety.org/
126,39,http://www.dros.pl/
127,58,https://www.grupa.pl/
128,52,https://www.gabinety.pl/
129,23,https://mudlaff-zdziech.com/
130,99,http://www.fpuh.pl/
131,87,https://www.mlynczak.pl/
132,66,http://www.gabinety.com/
133,76,http://janke.pl/
134,20,http://fpuh.pl/
135,22,https://fundacja.com/
136,75,https://spoldzielnia.pl/
137,3,https://www.pesta.com/
138,49,http://www.ppuh.org/
139,41,http://zaczyk-pik.pl/
140,21,https://www.boba.net/
141,35,http://www.tadych-cop.com/
142,18,https://www.stasica.pl/
143,55,https://fpuh.pl/
144,87,https://stowarzyszenie.pl/
145,92,https://www.zybura-paluszak.pl/
146,51,https://www.spoldzielnia.pl/
147,22,https://www.tasarz.pl/
148,24,https://www.ppuh.com/
149,11,https://www.fpuh.com/
150,34,https://stowarzyszenie.net/
151,75,https://stowarzyszenie.com/
152,30,http://www.baster-marko.pl/
153,46,https://ppuh.com/
154,2,https://www.grupa.pl/
155,83,https://www.stowarzyszenie.com/
156,83,https://fundacja.net/
157,59,https://www.kozdroj.pl/
158,91,https://www.ochwat.com/
159,19,http://rosada-muzyk.pl/
160,60,https://www.kuzia.com/
161,3,https://www.grupa.pl/
162,26,http://www.fundacja.net/
163,17,https://www.lejk.pl/
164,86,https://www.gabinety.pl/
165,45,https://www.gabinety.pl/
166,68,http://spoldzielnia.com/
167,3,http://www.fundacja.org/
168,12,https://kolodziejak.pl/
169,78,https://ppuh.pl/
170,35,https://www.babel.org/
171,75,https://smektala-frelich.com/
172,60,https://www.fpuh.com/
173,25,http://grupa.pl/
174,72,https://oleksiewicz.net/
175,88,http://bohdanowicz.com/
176,23,https://gabinety.com/
177,26,http://fundacja.com/
178,46,https://fpuh.pl/
179,73,http://www.kurzak.com/
180,78,https://www.ppuh.com/
181,77,http://ppuh.pl/
182,31,https://www.spoldzielnia.pl/
183,36,http://www.ppuh.net/
184,1,https://www.stowarzyszenie.pl/
185,93,http://kobza.com/
186,85,https://fpuh.org/
187,37,https://www.gabinety.pl/
188,67,http://www.wyrwal.com/
189,10,http://grupa.com/
190,92,https://www.ppuh.com/
191,51,http://www.prokopczyk.com/
192,23,http://www.szumny-slysz.com/
193,86,https://stowarzyszenie.com/
194,6,http://bastek-sobus.com/
195,11,http://spoldzielnia.pl/
196,65,https://www.migda.pl/
197,96,http://fundacja.pl/
198,16,https://www.stowarzyszenie.com/
199,37,https://www.tylman.pl/
200,85,http://dziurdzia.pl/
201,76,http://gabinety.pl/
202,12,https://www.hartman-golofit.com/
203,66,http://www.chalimoniuk.pl/
204,50,https://kucewicz.com/
205,30,http://www.spoldzielnia.net/
206,12,http://kudlak-andruszko.org/
207,92,https://narozny-gogacz.pl/
208,11,http://stowarzyszenie.pl/
209,21,https://grupa.com/
210,62,http://spoldzielnia.com/
211,73,http://www.cmiel.com/
212,35,http://stowarzyszenie.com/
213,16,http://spoldzielnia.pl/
214,99,http://pajek-burczak.net/
215,10,http://grupa.pl/
216,63,http://www.spoldzielnia.com/
217,71,http://wygoda.com/
218,24,http://www.gabinety.com/
219,23,http://stowarzyszenie.pl/
220,23,http://stowarzyszenie.com/
221,94,https://www.stempniak.com/
222,8,http://sosniak-suchora.org/
223,36,https://fundacja.pl/
224,67,http://www.gabinety.org/
225,22,https://www.fpuh.org/
226,18,http://www.grupa.com/
227,87,https://www.gabinety.com/
228,89,http://fpuh.net/
229,47,https://www.ppuh.org/
230,96,http://fpuh.org/
231,20,http://stowarzyszenie.pl/
232,35,http://spoldzielnia.net/
233,15,http://www.fundacja.pl/
234,20,https://gabinety.com/
235,1,https://www.ppuh.com/
236,7,http://fundacja.pl/
237,74,https://gabinety.pl/
238,76,https://www.twardy.com/
239,48,http://www.fpuh.com/
240,35,http://grupa.pl/
241,89,https://melaniuk-kursa.com/
242,85,https://grupa.org/
243,81,http://www.fpuh.com/
244,97,http://www.ppuh.com/
245,27,https://www.spoldzielnia.com/
246,53,http://www.stowarzyszenie.org/
247,60,http://gabinety.pl/
248,94,https://ppuh.org/
249,46,https://ppuh.pl/
250,9,https://www.fpuh.com/
251,15,https://www.gabinety.net/
252,75,http://gabinety.org/
253,72,http://www.luczka.org/
254,88,http://www.jaszcz-kuska.pl/
255,85,http://www.spoldzielnia.org/
256,6,http://www.fundacja.com/
257,30,https://www.stowarzyszenie.com/
258,90,https://www.fpuh.pl/
259,49,https://www.mandrysz.pl/
260,51,http://www.stowarzyszenie.com/
261,44,https://www.stachewicz.pl/
262,87,http://stowarzyszenie.com/
263,4,http://www.fpuh.pl/
264,4,http://www.spoldzielnia.com/
265,42,https://spoldzielnia.net/
266,33,http://www.fpuh.org/
267,80,https://grupa.pl/
268,87,https://widlak-wisz.org/
269,5,http://fundacja.org/
270,96,http://gill-nitek.com/
271,4,http://www.luberda.org/
272,11,http://www.gabinety.org/
273,62,http://ppuh.com/
274,2,https://ppuh.com/
275,76,http://www.mendak.net/
276,52,https://www.stowarzyszenie.pl/
277,11,https://fpuh.com/
278,33,https://fpuh.org/
279,72,https://soczowka.pl/
280,98,http://www.bugiel-pianka.com/
281,98,http://www.pyzel-szlufik.pl/
282,68,https://www.adamaszek.com/
283,87,https://www.gabinety.pl/
284,7,https://www.cal-laszcz.org/
285,39,https://www.sliz-wlazlak.net/
286,18,https://gabinety.pl/
287,94,https://www.gabinety.net/
288,62,https://spoldzielnia.net/
289,53,https://www.mokwa-machowiak.com/
290,35,https://fundacja.pl/
291,63,http://gabinety.pl/
292,21,https://www.grupa.com/
293,32,https://www.grupa.com/
294,85,https://grupa.com/
295,87,https://misiuk-perczak.com/
296,94,http://fpuh.pl/
297,43,https://www.zaniewicz.pl/
298,68,http://fpuh.pl/
299,42,http://gabinety.com/
300,22,https://gron-karaskiewicz.pl/
301,4,https://www.fpuh.pl/
302,3,http://stowarzyszenie.pl/
303,15,https://www.grupa.pl/
304,57,https://grupa.com/
305,50,https://www.spoldzielnia.com/
306,39,https://szpara.net/
307,21,http://www.fundacja.net/
308,18,https://www.kosc-kaczka.com/
309,21,https://www.fpuh.com/
310,12,https://strzala.pl/
311,47,https://kopik-czubaszek.pl/
312,20,https://www.fundacja.pl/
313,47,https://www.wolan.com/
314,52,https://ppuh.com/
315,41,https://spoldzielnia.pl/
316,29,http://www.chmara-rzezniczek.com/
317,41,http://oskroba.com/
318,16,http://www.spoldzielnia.net/
319,67,https://www.stowarzyszenie.com/
320,62,https://ziemann.pl/
321,81,https://gabinety.com/
322,95,http://fpuh.com/
323,78,https://fpuh.pl/
324,25,https://www.lada.com/
325,24,http://gumienny.pl/
326,54,https://www.gabinety.net/
327,62,http://zbroja-manista.pl/
328,60,http://www.szygula.pl/
329,50,http://www.ppuh.com/
330,36,http://stowarzyszenie.net/
331,78,http://spoldzielnia.com/
332,60,https://www.betlej-dziadowicz.org/
333,22,http://www.stowarzyszenie.pl/
334,9,https://grupa.pl/
335,52,https://www.spoldzielnia.com/
336,29,https://fpuh.pl/
337,75,http://grupa.net/
338,53,http://domowicz.com/
339,59,https://fpuh.com/
340,36,http://www.grupa.pl/
341,35,https://www.narozna.org/
342,69,http://www.spoldzielnia.pl/
343,18,https://www.walasik.pl/
344,70,http://www.fundacja.pl/
345,31,https://parkitna.pl/
346,8,http://murach.pl/
347,40,http://sereda.pl/
348,80,http://www.kniaz-lesiewicz.com/
349,27,http://mierzwiak.org/
350,8,http://www.rozumek.net/
351,79,http://www.zubowicz-szeja.com/
352,93,http://gabinety.net/
353,90,http://www.ochal.com/
354,73,https://fpuh.com/
355,45,http://fabiszak-kozica.com/
356,99,http://spoldzielnia.pl/
357,86,https://www.wisz.net/
358,81,http://www.gabinety.com/
359,87,http://grupa.com/
360,10,http://www.wrochna-mazanek.com/
361,43,http://spoldzielnia.pl/
362,9,https://www.lukowicz-getka.com/
363,33,https://fundacja.com/
364,62,https://www.gabinety.pl/
365,68,https://www.gabinety.pl/
366,25,http://fundacja.pl/
367,51,https://mak.com/
368,3,https://boruc-bryda.org/
369,14,http://gabinety.com/
370,59,http://grupa.com/
371,13,https://www.ppuh.com/
372,77,http://ppuh.pl/
373,58,https://www.borak-drobny.pl/
374,75,https://www.spoldzielnia.pl/
375,11,https://lodej.org/
376,97,http://www.spoldzielnia.pl/
377,14,https://www.gabinety.com/
378,32,http://www.kabza.pl/
379,100,https://podkowa.pl/
380,46,http://kuciel-samul.com/
381,61,http://klejna-kregiel.com/
382,74,http://stowarzyszenie.com/
383,1,https://www.wardziak-pela.pl/
384,57,http://www.burzawa.com/
385,19,https://www.fpuh.com/
386,76,https://www.jedrys.com/
387,31,https://www.glaza-kamieniarz.net/
388,29,http://ppuh.pl/
389,19,https://www.stowarzyszenie.pl/
390,49,http://kniec.com/
391,18,https://www.spoldzielnia.com/
392,15,http://www.spoldzielnia.com/
393,57,http://dyda.com/
394,72,http://www.grupa.pl/
395,27,http://www.fundacja.pl/
396,12,https://www.wazna-cecot.net/
397,73,http://www.simon.pl/
398,90,http://fundacja.com/
399,94,http://grupa.org/
400,61,http://www.kukawka.com/
401,91,http://www.baka-nowotnik.pl/
402,86,http://www.fpuh.com/
403,87,https://fpuh.com/
404,22,https://www.koczy-machniak.com/
405,59,http://www.grupa.org/
406,52,https://palega-gogol.com/
407,14,http://www.wlodarz.pl/
408,44,https://nesterowicz-dyszkiewicz.net/
409,12,http://www.pyszka-zymelka.com/
410,25,http://stowarzyszenie.pl/
411,47,http://www.kurzyna-styn.org/
412,71,https://www.grupa.com/
413,99,http://www.fundacja.net/
414,89,https://fpuh.pl/
415,14,http://gasienica-rurka.com/
416,52,https://rajczak-misiejuk.pl/
417,20,https://gabinety.pl/
418,5,http://fundacja.com/
419,34,http://szmaj.pl/
420,11,http://stowarzyszenie.pl/
421,26,https://buszta.pl/
422,33,http://www.gabinety.com/
423,3,https://www.maksimowicz.pl/
424,7,https://www.grupa.com/
425,79,http://malocha-kierepka.com/
426,49,http://macczak.net/
427,26,http://helak-jandula.com/
428,96,https://www.petryk.pl/
429,10,http://www.ppuh.pl/
430,49,https://www.towarek.pl/
431,93,https://fundacja.pl/
432,70,http://miotke.com/
433,50,http://www.ppuh.com/
434,50,http://www.ppuh.pl/
435,47,https://kafel.org/
436,72,http://ppuh.net/
437,28,http://gabinety.pl/
438,60,http://www.fpuh.pl/
439,27,http://www.malka.com/
440,93,https://spoldzielnia.pl/
441,14,https://www.smagacz-witka.pl/
442,73,http://ppuh.org/
443,77,http://www.fpuh.com/
444,100,https://www.stowarzyszenie.pl/
445,14,https://www.sibiga-pacholak.com/
446,74,https://gabinety.pl/
447,47,https://kosno.net/
448,53,https://www.paprotny.com/
449,7,http://szyja-gron.org/
450,68,http://raszkiewicz.com/
451,15,https://grupa.net/
452,59,http://www.stowarzyszenie.com/
453,100,http://www.fpuh.net/
454,17,https://michalkiewicz-domino.net/
455,64,http://kryk.com/
456,46,https://grupa.com/
457,3,http://www.motak-krata.com/
458,66,https://www.fpuh.pl/
459,38,https://fpuh.pl/
460,91,https://www.ppuh.pl/
461,31,https://ppuh.net/
462,28,http://gabinety.com/
463,25,http://ppuh.net/
464,88,https://fpuh.com/
465,6,https://spoldzielnia.pl/
466,37,http://www.spoldzielnia.pl/
467,76,http://www.grupa.net/
468,89,https://www.bejnarowicz-dzieza.org/
469,66,http://stowarzyszenie.com/
470,85,http://fundacja.com/
471,98,https://ppuh.pl/
472,22,http://www.kucz-dabal.pl/
473,46,https://www.gul-macheta.org/
474,86,https://fundacja.net/
475,21,https://www.scieszka-bregula.com/
476,87,https://www.fpuh.pl/
477,42,http://www.kranc.com/
478,40,http://www.faltyn.net/
479,64,https://koterba-borysewicz.net/
480,59,http://www.doroba-olearczyk.com/
481,40,http://wylegala-rozumek.pl/
482,18,https://www.trybus-kielan.com/
483,93,http://www.ppuh.pl/
484,93,http://spoldzielnia.pl/
485,75,https://spoldzielnia.net/
486,14,https://stowarzyszenie.pl/
487,35,http://www.grupa.pl/
488,9,https://www.ppuh.com/
489,13,http://dziczek.pl/
490,88,http://stowarzyszenie.pl/
491,8,https://www.morawiak-knapek.com/
492,15,https://www.stowarzyszenie.org/
493,15,http://spoldzielnia.org/
494,98,https://behrendt.pl/
495,17,http://www.ppuh.pl/
496,33,https://www.spoldzielnia.net/
497,15,http://www.stowarzyszenie.pl/
498,76,https://grupa.com/
499,80,https://www.swistek.pl/
500,96,http://kopiczko-sadowy.com/
501,34,https://www.grupa.com/
502,97,http://www.fpuh.com/
503,74,http://radzewicz-bus.com/
504,91,http://spoldzielnia.pl/
505,27,http://smoczyk.pl/
506,45,https://fundacja.net/
507,81,http://www.cebo.com/
508,87,http://gabinety.pl/
509,11,https://www.ppuh.pl/
510,16,https://ppuh.com/
511,48,https://gabinety.pl/
512,50,http://stowarzyszenie.com/
513,56,http://www.banachowicz-matyszczak.pl/
514,31,http://www.fpuh.net/
515,77,http://spoldzielnia.net/
516,96,http://www.aleksiejuk-pniak.com/
517,41,http://gabinety.pl/
518,37,http://fundacja.pl/
519,15,https://spoldzielnia.pl/
520,60,http://putek-pietrasiak.pl/
521,57,https://www.swacha-wydrych.pl/
522,60,https://www.gabinety.com/
523,95,https://fpuh.pl/
524,50,http://fpuh.com/
525,69,http://frymus.pl/
526,82,http://www.kluczek-ciolczyk.com/
527,25,http://www.smieszek-michniak.com/
528,61,https://www.fundacja.com/
529,2,https://www.gabinety.com/
530,96,https://ciarka.pl/
531,99,http://www.grupa.pl/
532,97,https://woroch-osko.net/
533,33,http://www.fundacja.com/
534,31,http://ppuh.pl/
535,56,https://www.kozien.net/
536,62,http://www.borun-naczk.org/
537,1,http://spoldzielnia.org/
538,42,https://www.spoldzielnia.pl/
539,15,http://stochel-furmankiewicz.org/
540,71,http://www.ppuh.com/
541,89,https://www.natanek.pl/
542,88,https://spoldzielnia.com/
543,29,http://ciereszko-bos.net/
544,53,http://www.gabinety.net/
545,25,https://morgala-forysiak.com/
546,19,http://www.fundacja.net/
547,6,http://ppuh.net/
548,76,http://www.stowarzyszenie.com/
549,70,https://ppuh.com/
550,82,https://www.gierasimiuk-nojman.net/
551,7,http://grabon-paprotny.org/
552,51,http://www.fundacja.pl/
553,27,http://ppuh.com/
554,57,https://grupa.net/
555,8,https://www.ppuh.org/
556,63,https://dycha.com/
557,46,https://spoldzielnia.pl/
558,56,https://warzybok.com/
559,28,https://fundacja.pl/
560,4,https://fundacja.org/
561,73,http://fpuh.org/
562,72,http://www.kostek.org/
563,46,https://stowarzyszenie.org/
564,26,http://www.grupa.net/
565,81,https://www.chomiuk.com/
566,68,https://fundacja.com/
567,40,http://www.winnik.org/
568,99,https://brozda-szarejko.pl/
569,45,http://www.stowarzyszenie.net/
570,63,http://machul.net/
571,84,https://ppuh.pl/
572,87,https://zimniak.pl/
573,35,https://fpuh.pl/
574,75,http://www.stowarzyszenie.pl/
575,1,http://fpuh.com/
576,85,http://www.ruman-solek.com/
577,74,http://www.stowarzyszenie.pl/
578,5,http://www.fundacja.com/
579,1,http://gabinety.com/
580,44,https://kazek-bres.pl/
581,44,http://moron-sadlak.org/
582,24,http://www.ppuh.com/
583,78,https://frankow-huczek.org/
584,30,http://www.stowarzyszenie.com/
585,17,http://heinrich-stochel.com/
586,64,http://gabinety.com/
587,33,https://bronka-woszczyna.net/
588,91,http://tarach-ficner.pl/
589,46,https://wiciak-latko.pl/
590,75,https://www.fpuh.net/
591,20,http://gabinety.pl/
592,81,http://fundacja.pl/
593,69,https://www.fpuh.pl/
594,61,http://www.bosek.com/
595,42,http://polchlopek.pl/
596,56,http://www.stowarzyszenie.com/
597,9,https://www.fundacja.pl/
598,100,http://fundacja.com/
599,30,http://fundacja.com/
600,51,http://www.fiedorczuk.pl/
601,28,http://fundacja.pl/
602,6,https://www.tytko.org/
603,44,https://stowarzyszenie.pl/
604,54,http://gabinety.pl/
605,49,https://zander.org/
606,57,https://www.tyma.pl/
607,24,https://spoldzielnia.pl/
608,63,https://www.fundacja.com/
609,28,https://www.fundacja.com/
610,74,http://www.gabinety.com/
611,11,https://kupidura.pl/
612,9,https://www.fpuh.pl/
613,8,https://spoldzielnia.pl/
614,91,https://www.fpuh.pl/
615,65,http://www.dulas.org/
616,95,https://www.gabinety.com/
617,63,https://fpuh.pl/
618,22,http://szulist.com/
619,49,https://fpuh.net/
620,97,https://www.sroga-polakiewicz.com/
621,9,http://buchholz-oleszczak.net/
622,74,https://ceran.pl/
623,82,https://www.grupa.org/
624,59,http://www.mironczuk-beck.net/
625,59,http://www.chruszcz.org/
626,41,https://gabinety.pl/
627,58,https://zybura-grycz.net/
628,100,http://szczerbiak-turlej.net/
629,74,https://www.uzar.pl/
630,77,http://grupa.org/
631,97,https://sklorz.pl/
632,99,https://kutek-paluszak.com/
633,97,http://stowarzyszenie.com/
634,31,https://www.stowarzyszenie.net/
635,52,https://www.daraz.pl/
636,46,https://grupa.net/
637,56,http://madzia.com/
638,45,http://www.gabinety.pl/
639,64,http://www.matejczyk.org/
640,69,https://puc-nowek.net/
641,67,http://spoldzielnia.pl/
642,34,https://www.gryska.org/
643,1,https://www.bronka.net/
644,97,https://www.niecko.pl/
645,75,http://stowarzyszenie.com/
646,84,http://www.pawlonka.net/
647,60,http://www.losiewicz-padlo.pl/
648,32,https://spoldzielnia.org/
649,9,http://www.fundacja.net/
650,98,http://www.fundacja.com/
651,11,https://stowarzyszenie.pl/
652,20,http://www.fundacja.pl/
653,15,http://www.grupa.com/
654,76,http://gabinety.pl/
655,82,http://fundacja.pl/
656,55,https://www.spoldzielnia.com/
657,74,http://ppuh.com/
658,46,http://krzystek.com/
659,19,http://www.grzelczyk-stachelek.com/
660,7,http://kryza.com/
661,21,https://reiter.net/
662,16,https://spoldzielnia.com/
663,81,https://rembisz-krzysko.net/
664,37,http://www.grupa.org/
665,6,https://leonowicz.pl/
666,42,https://parda-karwala.net/
667,45,http://janczarek.net/
668,86,http://www.korzonek.pl/
669,62,https://fundacja.com/
670,28,https://spoldzielnia.net/
671,75,https://gortat-wawszczak.pl/
672,89,http://www.zbrzezniak-hewelt.org/
673,89,https://www.gabinety.com/
674,75,http://www.skierka.pl/
675,55,https://brachaczek-kanik.org/
676,45,https://www.wegrzynek-melka.pl/
677,7,http://skladanek.pl/
678,86,https://www.lyczak-ziniewicz.com/
679,76,http://chlebda-majos.com/
680,80,http://pawela-luberda.com/
681,1,https://www.fundacja.pl/
682,11,http://olszyna-kusnierek.com/
683,87,http://grupa.com/
684,27,https://www.grupa.com/
685,64,https://grupa.com/
686,78,http://grupa.com/
687,44,http://konsek-lys.com/
688,58,http://buk-nocek.pl/
689,49,http://slawik-ladniak.pl/
690,84,http://grupa.com/
691,90,http://fundacja.com/
692,67,https://gabinety.net/
693,84,https://www.ppuh.pl/
694,70,http://grupa.com/
695,52,https://grupa.pl/
696,88,https://www.grupa.com/
697,15,https://sklorz-gryta.pl/
698,85,http://www.gabinety.net/
699,45,http://gabinety.net/
700,43,https://piestrzeniewicz.pl/
701,82,http://gabinety.org/
702,65,https://ppuh.pl/
703,69,http://gabinety.com/
704,51,http://stowarzyszenie.pl/
705,85,https://www.durys.pl/
706,64,https://www.pindor-wieclawek.org/
707,11,http://www.stowarzyszenie.com/
708,35,https://spoldzielnia.pl/
709,16,https://fpuh.com/
710,83,http://www.mandrysz.org/
711,5,https://muskala-stanclik.org/
712,23,http://www.gabinety.com/
713,95,http://www.fpuh.com/
714,74,http://www.spoldzielnia.pl/
715,53,https://www.pochron.org/
716,69,http://www.stowarzyszenie.net/
717,50,http://www.fiutak-nalewajek.com/
718,24,https://orzeszek.pl/
719,48,http://grupa.com/
720,84,https://www.gabinety.com/
721,11,https://www.fundacja.pl/
722,34,https://www.wandas-rok.pl/
723,91,http://gabinety.pl/
724,27,http://www.fundacja.pl/
725,64,https://fundacja.org/
726,75,http://witan-hynek.com/
727,26,https://brzakala-glownia.pl/
728,99,http://www.stowarzyszenie.pl/
729,25,https://www.grupa.net/
730,77,https://www.franiak-stoch.pl/
731,58,https://suchon.com/
732,86,https://swit.com/
733,28,https://www.ppuh.pl/
734,60,http://biernacik.com/
735,15,http://www.gabinety.pl/
736,19,https://www.spoldzielnia.pl/
737,83,http://grupa.pl/
738,93,http://kempny-kwapisiewicz.com/
739,31,http://spoldzielnia.pl/
740,56,http://wojtys-zygmuntowicz.org/
741,43,http://www.grupa.com/
742,64,http://www.ppuh.org/
743,97,https://smyl.com/
744,65,https://duzy-tofil.com/
745,65,https://www.grupa.pl/
746,64,https://gabinety.com/
747,94,http://grupa.com/
748,89,https://www.fundacja.com/
749,48,http://www.gabinety.com/
750,22,https://medrala-wiatrak.com/
751,13,https://fpuh.com/
752,72,http://www.derylo.org/
753,83,http://juskiewicz.pl/
754,99,http://www.gabinety.pl/
755,22,http://www.ppuh.com/
756,70,https://www.spoldzielnia.net/
757,1,https://www.dzieza.org/
758,94,http://www.duchnik-smetek.pl/
759,6,https://www.stowarzyszenie.pl/
760,39,http://www.soltysek-ostafin.pl/
761,25,https://www.stowarzyszenie.net/
762,32,https://spoldzielnia.net/
763,20,http://www.grupa.net/
764,21,http://fpuh.com/
765,16,https://www.ppuh.com/
766,70,http://fundacja.com/
767,66,https://stowarzyszenie.net/
768,97,http://www.ppuh.com/
769,93,https://zebik-dyda.com/
770,74,http://www.grupa.com/
771,57,http://www.ppuh.com/
772,52,https://www.fpuh.net/
773,14,http://www.fpuh.com/
774,77,https://spoldzielnia.net/
775,25,http://www.fpuh.net/
776,24,https://stowarzyszenie.pl/
777,48,http://fpuh.org/
778,75,http://www.spoldzielnia.pl/
779,13,http://gabinety.pl/
780,91,http://kultys-melcer.pl/
781,1,https://www.spoldzielnia.com/
782,16,https://fpuh.pl/
783,54,https://www.dyka-dulak.pl/
784,70,http://grupa.com/
785,3,http://www.szpyt.org/
786,93,http://www.fac-uss.org/
787,68,http://www.zbroszczyk-durczok.pl/
788,2,https://www.grupa.com/
789,45,https://dejneka-wyroba.net/
790,29,https://www.fundacja.net/
791,37,https://www.pazera-wojnicz.com/
792,61,http://maslach-siudek.com/
793,46,https://www.gabinety.org/
794,19,https://www.grab-stupak.com/
795,27,http://ppuh.pl/
796,41,https://www.gabinety.pl/
797,7,http://neugebauer-grygo.com/
798,36,https://spoldzielnia.pl/
799,16,https://grupa.pl/
800,48,http://www.grupa.org/
801,47,http://www.ppuh.net/
802,11,https://www.lademann.pl/
803,64,http://rosada-smieja.pl/
804,60,http://www.grupa.com/
805,90,http://www.grupa.pl/
806,25,https://fpuh.org/
807,69,https://www.stowarzyszenie.com/
808,21,http://przewozna.pl/
809,55,https://www.kesek.pl/
810,37,http://www.dorociak.com/
811,15,https://www.grupa.pl/
812,6,https://ppuh.com/
813,52,https://stowarzyszenie.pl/
814,26,https://www.ppuh.com/
815,52,https://krzysztofek.com/
816,10,https://fundacja.pl/
817,97,https://fpuh.com/
818,69,http://fundacja.org/
819,41,http://www.fundacja.pl/
820,23,https://www.jasica-jas.pl/
821,19,http://www.fpuh.net/
822,27,https://spoldzielnia.org/
823,53,http://www.czupryn.com/
824,25,https://gabinety.com/
825,77,https://www.lipowicz-skonieczka.net/
826,61,http://www.balik-kubiaczyk.net/
827,36,https://hynek.pl/
828,74,https://spoldzielnia.pl/
829,27,http://www.zieniewicz.com/
830,76,http://slebioda.com/
831,26,http://www.ulrych.pl/
832,58,http://fpuh.pl/
833,95,http://www.michniak.com/
834,42,https://www.tomzik.pl/
835,100,https://www.ppuh.net/
836,55,http://www.fpuh.org/
837,60,http://www.solek-moron.pl/
838,68,https://moron.pl/
839,64,http://ppuh.pl/
840,97,https://www.sypek-gogacz.com/
841,27,http://stowarzyszenie.com/
842,99,https://lukasiuk.pl/
843,24,https://ppuh.com/
844,9,http://www.fpuh.pl/
845,59,http://www.ppuh.com/
846,55,https://www.spoldzielnia.com/
847,78,https://gordon.com/
848,30,http://gabinety.org/
849,10,http://www.ppuh.pl/
850,38,http://stowarzyszenie.org/
851,34,http://www.elwart-ignatiuk.net/
852,26,http://www.chomiak.com/
853,51,https://gogacz-trochim.net/
854,96,https://spoldzielnia.net/
855,88,https://www.wydmuch.com/
856,71,http://grupa.pl/
857,52,https://www.spoldzielnia.net/
858,61,https://krzyzostaniak.org/
859,48,http://www.fundacja.pl/
860,16,http://www.fpuh.com/
861,21,http://www.stowarzyszenie.pl/
862,48,https://fundacja.com/
863,27,http://kusio.pl/
864,50,https://fpuh.com/
865,36,http://stowarzyszenie.pl/
866,82,http://www.stowarzyszenie.com/
867,44,https://fundacja.net/
868,27,http://fpuh.com/
869,52,https://www.fundacja.com/
870,32,http://www.dziedzina-bosek.com/
871,47,http://www.ppuh.com/
872,92,https://www.korek-kamieniarz.pl/
873,72,https://fundacja.com/
874,73,https://www.fundacja.com/
875,42,https://www.stowarzyszenie.pl/
876,46,http://ppuh.pl/
877,37,http://www.zmarzly-koziatek.pl/
878,27,http://gabinety.org/
879,18,http://www.jalowiec-dziwak.com/
880,68,https://www.ppuh.pl/
881,80,http://www.gryciuk-fidler.net/
882,58,http://www.szynkiewicz.com/
883,65,http://www.owsiany.com/
884,26,https://www.salach-malara.com/
885,42,http://dela-malisz.pl/
886,58,https://www.spoldzielnia.net/
887,69,https://wiencek.com/
888,46,https://ppuh.pl/
889,75,http://josko-rozewicz.net/
890,91,https://www.grupa.com/
891,65,https://www.drozdowicz.pl/
892,91,https://ppuh.pl/
893,87,http://fpuh.org/
894,27,https://www.zander.org/
895,23,http://www.rubacha.pl/
896,74,http://gortat-zacharek.com/
897,87,http://ppuh.pl/
898,27,http://www.gabinety.com/
899,12,https://spoldzielnia.com/
900,51,https://gabinety.pl/
901,37,http://www.ppuh.pl/
902,14,http://szatanik-zegar.net/
903,70,http://sidorczuk.com/
904,23,https://www.grupa.com/
905,80,https://www.wyrwal.net/
906,13,https://razniak.com/
907,60,https://www.gospodarek.com/
908,1,https://fpuh.pl/
909,92,http://szymanczak.com/
910,23,http://kolonko-frydel.pl/
911,27,https://kopij-blazejak.com/
912,35,http://www.slupek.com/
913,5,https://www.fundacja.com/
914,24,https://www.grupa.pl/
915,73,https://furmankiewicz.pl/
916,49,http://laszczyk-orman.com/
917,17,https://www.stowarzyszenie.pl/
918,29,https://www.garbaciak-grzech.com/
919,18,https://www.brudny-tylek.com/
920,72,https://www.matacz-lejman.pl/
921,53,https://www.fronczyk-kalwa.pl/
922,32,https://fpuh.org/
923,90,http://www.gabinety.com/
924,38,http://www.indyk-kawala.pl/
925,66,https://www.spoldzielnia.pl/
926,9,https://stowarzyszenie.com/
927,33,http://fpuh.pl/
928,38,https://grupa.com/
929,29,http://www.ppuh.pl/
930,5,https://www.misior.pl/
931,62,http://fundacja.com/
932,5,http://ppuh.pl/
933,19,https://www.grabos.org/
934,80,http://ppuh.org/
935,70,https://www.kolesnik-sarniak.com/
936,24,http://fundacja.com/
937,64,http://www.rurka.com/
938,69,https://www.mendyka.com/
939,34,http://fundacja.pl/
940,97,http://www.gabinety.pl/
941,49,https://trzpil-kapcia.org/
942,62,http://www.spoldzielnia.com/
943,20,https://spoldzielnia.org/
944,45,http://szyda-bogumil.pl/
945,76,https://www.spoldzielnia.org/
946,67,http://fpuh.com/
947,58,http://www.hallmann.com/
948,86,https://www.wyskiel-reszke.com/
949,15,http://stowarzyszenie.com/
950,49,http://syslo-jas.pl/
951,100,https://www.gabinety.com/
952,92,http://www.spoldzielnia.com/
953,9,http://www.fundacja.org/
954,54,https://gas-andrearczyk.com/
955,66,https://stowarzyszenie.com/
956,62,https://www.fpuh.pl/
957,18,https://www.ppuh.org/
958,7,https://ppuh.com/
959,58,https://taranek-heleniak.com/
960,79,https://grupa.pl/
961,58,https://www.wawrzonek.pl/
962,21,http://taranek.pl/
963,58,http://www.ppuh.com/
964,75,https://majewicz.org/
965,87,http://zadora-suszka.net/
966,15,http://www.gabinety.net/
967,48,http://www.spoldzielnia.com/
968,92,https://doroszuk.com/
969,3,http://www.grunt.net/
970,99,https://www.gabinety.pl/
971,82,http://www.szeja.pl/
972,18,http://www.grupa.net/
973,1,https://www.fpuh.org/
974,44,http://www.ropiak.net/
975,46,https://spoldzielnia.net/
976,30,http://darul.com/
977,18,https://fundacja.pl/
978,72,http://grupa.pl/
979,3,https://www.fpuh.com/
980,11,https://jakubiuk.net/
981,53,http://styn.pl/
982,20,http://grupa.net/
983,27,https://grupa.pl/
984,59,https://fpuh.org/
985,95,http://spoldzielnia.pl/
986,84,https://myszk.pl/
987,98,https://szelest.com/
988,62,http://www.grupa.pl/
989,4,https://www.wichary-pastula.com/
990,91,http://www.bela.net/
991,81,http://www.spoldzielnia.com/
992,45,https://fpuh.com/
993,79,http://www.gabinety.pl/
994,61,https://stowarzyszenie.com/
995,12,https://www.tytko-maksimowicz.org/
996,17,https://ppuh.pl/
997,90,https://spoldzielnia.pl/
998,30,https://gabinety.net/
