,MeetingID,RecordingUrl
0,870,https://www.ppuh.org/
1,286,http://gabinety.pl/
2,533,https://www.krzysztoszek-wieja.pl/
3,90,http://fundacja.com/
4,584,https://www.szymajda-szmagaj.com/
5,321,https://www.stowarzyszenie.org/
6,45,http://www.stowarzyszenie.pl/
7,580,http://www.grupa.pl/
8,758,http://sosnowka.pl/
9,674,http://gras.pl/
10,428,http://siedlaczek-nojman.com/
11,724,https://www.karpik-chachula.net/
12,400,https://www.fundacja.com/
13,40,https://www.bronka.pl/
14,250,http://www.stowarzyszenie.com/
15,701,http://gabinety.pl/
16,328,https://cmiel.pl/
17,913,http://fundacja.pl/
18,569,https://brudny.pl/
19,406,http://prucnal-dziadowicz.com/
20,940,http://www.spoldzielnia.net/
21,61,http://www.czenczek-jazwiec.com/
22,279,http://www.fundacja.com/
23,192,http://ppuh.com/
24,514,https://fpuh.net/
25,488,https://szulist-siciarz.pl/
26,548,https://ppuh.org/
27,972,http://gabinety.com/
28,75,http://fundacja.pl/
29,743,http://www.gabinety.pl/
30,240,http://www.spoldzielnia.com/
31,455,https://gabinety.com/
32,140,https://bruzda-gasek.org/
33,303,https://gabinety.com/
34,505,http://nogiec-kieszek.org/
35,228,https://www.fpuh.com/
36,441,http://gabinety.com/
37,297,https://spoldzielnia.pl/
38,32,https://www.gabinety.com/
39,946,http://ppuh.com/
40,340,http://www.osipiuk.com/
41,637,http://zal-jereczek.com/
42,869,https://stelmasiak-ligas.pl/
43,551,https://www.grupa.com/
44,649,http://fundacja.pl/
45,416,http://www.gabinety.org/
46,957,http://martyn-babol.com/
47,612,https://spoldzielnia.pl/
48,367,http://baum-foit.com/
49,851,https://www.fundacja.pl/
50,655,https://www.sobisz-nazarewicz.pl/
51,137,http://www.grupa.pl/
52,829,http://fpuh.pl/
53,496,https://www.gabinety.com/
54,325,http://www.ppuh.pl/
55,900,http://fundacja.com/
56,353,https://gabinety.pl/
57,124,http://www.frydrychowicz-wlazly.pl/
58,353,https://www.fundacja.org/
59,902,https://fpuh.org/
60,380,http://ppuh.net/
61,257,https://ppuh.org/
62,721,http://fpuh.com/
63,4,https://www.fpuh.pl/
64,246,http://www.usarek.com/
65,74,http://herbut.org/
66,626,http://www.kijanka-ciezka.com/
67,367,http://labno.org/
68,591,https://grupa.com/
69,19,https://macczak-ludwik.com/
70,22,http://gabinety.net/
71,952,https://www.wysota.net/
72,402,http://www.fundacja.pl/
73,529,https://druszcz.com/
74,989,http://fundacja.com/
75,748,http://www.grupa.pl/
76,192,https://boksa-fechner.org/
77,11,https://kowalowka-wazny.org/
78,852,https://www.goss-dobron.pl/
79,680,http://fpuh.pl/
80,903,http://stowarzyszenie.pl/
81,315,https://www.lokaj.pl/
82,102,https://grupa.com/
83,837,https://www.spoldzielnia.pl/
84,581,https://www.fundacja.com/
85,551,http://www.ppuh.pl/
86,9,https://drabczyk.org/
87,295,http://grupa.pl/
88,434,https://www.fundacja.net/
89,17,https://www.fundacja.pl/
90,167,http://bugno-wochnik.org/
91,880,http://www.grupa.com/
92,573,https://www.fundacja.com/
93,700,http://www.fpuh.pl/
94,27,http://www.tabisz-wudarczyk.com/
95,676,https://www.spoldzielnia.com/
96,921,http://gabinety.com/
97,951,http://www.kryszczuk-nyk.pl/
98,544,http://www.spoldzielnia.pl/
99,345,http://spoldzielnia.com/
100,611,https://fpuh.com/
101,608,http://gabinety.com/
102,863,http://www.ppuh.pl/
103,678,http://gabinety.pl/
104,776,https://gabara.com/
105,125,http://spoldzielnia.net/
106,694,https://stowarzyszenie.com/
107,162,http://www.gnyp.com/
108,857,https://grabos.com/
109,365,https://www.fpuh.com/
110,533,https://gabinety.com/
111,828,http://www.gabinety.net/
112,922,https://machowiak-cudzich.com/
113,392,http://holc.com/
114,882,https://fpuh.net/
115,807,http://www.grupa.pl/
116,505,http://www.hankiewicz.com/
117,276,http://cuch.com/
118,890,https://www.gabinety.net/
119,113,https://fundacja.com/
120,118,https://spoldzielnia.com/
121,571,https://www.stowarzyszenie.pl/
122,247,https://grupa.com/
123,52,http://www.fundacja.com/
124,835,http://fpuh.pl/
125,511,http://www.gabinety.com/
126,922,https://www.spoldzielnia.pl/
127,563,http://darlak.pl/
128,24,https://www.stowarzyszenie.pl/
129,20,http://www.dumin-peciak.org/
130,814,https://www.grupa.pl/
131,359,http://www.marko.com/
132,992,https://www.ppuh.pl/
133,869,http://www.fpuh.pl/
134,873,http://stowarzyszenie.com/
135,252,http://brejnak.pl/
136,822,http://spoldzielnia.com/
137,707,https://kinal.com/
138,726,https://spoldzielnia.org/
139,96,https://www.gradziel-surmiak.net/
140,225,https://grupa.pl/
141,953,https://kosidlo-stosik.pl/
142,928,https://grupa.pl/
143,817,https://twardzik-jezior.net/
144,391,http://www.salwin.com/
145,769,http://www.glanc-zlotek.com/
146,701,https://www.rychert.com/
147,287,https://www.superson.pl/
148,366,https://www.ppuh.pl/
149,347,http://gabinety.com/
150,25,http://grupa.pl/
151,101,http://niedospial.com/
152,686,http://www.dubis.net/
153,160,http://iwanczyk.pl/
154,86,https://www.gabinety.pl/
155,702,https://misiuk-suszka.org/
156,909,http://niewola.pl/
157,617,https://tylka.org/
158,14,https://grupa.net/
159,493,https://majorczyk.pl/
160,645,https://spoldzielnia.net/
161,602,http://www.banachowicz-miecznik.com/
162,170,https://www.stowarzyszenie.pl/
163,717,https://www.ppuh.com/
164,965,https://wizner.pl/
165,380,https://www.fundacja.pl/
166,244,http://www.gabinety.net/
167,78,http://www.stowarzyszenie.org/
168,469,http://fundacja.pl/
169,116,http://fpuh.pl/
170,668,http://www.ppuh.com/
171,865,https://fpuh.pl/
172,18,https://www.fundacja.com/
173,732,https://www.grupa.pl/
174,31,https://spoldzielnia.pl/
175,986,https://stowarzyszenie.pl/
176,635,https://www.stowarzyszenie.com/
177,824,http://www.jacak-milka.com/
178,796,http://www.holubowicz.pl/
179,535,http://www.stowarzyszenie.net/
180,849,http://opyrchal-szmajda.com/
181,928,http://www.stroz-malys.net/
182,841,http://www.stowarzyszenie.com/
183,463,http://www.fundacja.net/
184,167,https://stowarzyszenie.net/
185,16,https://www.ppuh.com/
186,60,http://draus.pl/
187,538,https://legowik.pl/
188,245,https://www.spoldzielnia.net/
189,52,https://grupa.com/
190,507,https://www.wyrwal-kruszka.com/
191,481,http://han.com/
192,268,https://www.bystrek.com/
193,142,http://gabinety.pl/
194,349,https://gabinety.pl/
195,612,http://www.gapys.org/
196,172,https://zaton.com/
197,931,https://spoldzielnia.pl/
198,301,https://szumny-franik.net/
199,501,http://www.fundacja.net/
200,101,https://spoldzielnia.pl/
201,159,http://prostak.pl/
202,835,http://www.spoldzielnia.net/
203,263,http://www.gabinety.net/
204,317,https://www.walenciak.com/
205,59,https://www.kowala.pl/
206,256,https://fundacja.pl/
207,794,http://www.zlotnik-marat.pl/
208,582,http://buszka-wilkos.com/
209,518,https://krecisz.com/
210,830,http://www.gabinety.com/
211,675,https://grupa.net/
212,306,https://fundacja.net/
213,349,http://stowarzyszenie.com/
214,412,http://niescior.pl/
215,149,https://www.powala-kozieja.com/
216,680,http://fundacja.pl/
217,616,https://koperek-wijata.pl/
218,885,http://grupa.org/
219,289,https://www.spoldzielnia.com/
220,874,http://pesta.com/
221,24,http://gabinety.pl/
222,424,https://fundacja.com/
223,275,https://gabinety.pl/
224,92,https://www.borzym-bareja.com/
225,898,https://www.kujda.org/
226,571,https://fundacja.net/
227,596,https://www.waldoch.pl/
228,177,https://www.spoldzielnia.pl/
229,481,https://troc-warzybok.com/
230,70,http://ignatiuk-prawdzik.com/
231,930,http://fpuh.com/
232,983,https://www.kociemba-wiak.pl/
233,742,http://www.grupa.com/
234,630,https://rubaj-drozdowicz.com/
235,689,https://ppuh.org/
236,527,http://www.fpuh.com/
237,753,http://loba-pyszny.com/
238,154,https://www.fpuh.pl/
239,139,http://stowarzyszenie.pl/
240,904,https://www.stowarzyszenie.pl/
241,240,http://fpuh.com/
242,112,http://wochna-pacholak.com/
243,164,http://www.fundacja.com/
244,682,https://www.grupa.com/
245,750,https://fundacja.pl/
246,682,https://www.ppuh.com/
247,538,http://www.grupa.pl/
248,9,http://www.stowarzyszenie.net/
249,503,https://www.ppuh.pl/
250,737,http://www.fpuh.org/
251,213,http://www.fundacja.com/
252,239,https://spoldzielnia.pl/
253,144,http://www.cis-uryga.pl/
254,92,http://www.koziatek-podsiadla.org/
255,311,http://www.korkosz-sieczko.com/
256,717,http://fpuh.com/
257,808,http://gabinety.pl/
258,749,http://spoldzielnia.net/
259,312,https://www.fpuh.pl/
260,170,http://szram-szyca.com/
261,841,https://www.grupa.com/
262,618,http://www.orman-frost.org/
263,366,https://fundacja.pl/
264,321,https://misiejuk-kononowicz.pl/
265,941,https://janczarek-jany.org/
266,677,https://spoldzielnia.com/
267,663,http://spoldzielnia.pl/
268,673,http://fundacja.org/
269,3,http://www.berus.com/
270,181,https://stowarzyszenie.pl/
271,810,https://www.szymonik.com/
272,937,http://www.melaniuk-herda.pl/
273,593,http://www.gabinety.com/
274,963,http://www.grupa.pl/
275,199,http://lament.com/
276,72,http://kolaczek-gowin.pl/
277,998,https://matyjasek.pl/
278,519,https://www.bociek.pl/
279,635,https://fundacja.pl/
280,353,https://www.stowarzyszenie.com/
281,459,http://www.baumgart.pl/
282,861,https://ppuh.pl/
283,125,https://grupa.net/
284,273,https://gabinety.com/
285,487,https://fabianczyk.org/
286,499,https://jachimczak.pl/
287,499,http://www.kalisiak.pl/
288,316,http://www.misiuk-nojman.org/
289,638,https://stowarzyszenie.com/
290,730,http://ppuh.com/
291,726,https://www.kurda.pl/
292,684,http://ppuh.pl/
293,624,http://gabinety.org/
294,688,http://www.drobisz-fijol.pl/
295,15,http://www.fpuh.com/
296,763,https://spoldzielnia.pl/
297,328,http://www.fundacja.pl/
298,607,http://dworniczak.com/
299,380,https://www.fpuh.com/
300,35,http://fechner.net/
301,132,http://www.dudzicz-dziuda.com/
302,286,https://www.fpuh.pl/
303,195,https://gabinety.com/
304,931,https://www.spoldzielnia.net/
305,773,https://www.gabinety.pl/
306,411,http://www.szmurlo-kornek.pl/
307,485,http://www.ppuh.pl/
308,962,https://fundacja.com/
309,435,http://www.spoldzielnia.pl/
310,864,http://www.stowarzyszenie.com/
311,299,https://fpuh.pl/
312,309,https://gabinety.pl/
313,834,http://ppuh.pl/
314,597,https://www.holewa.pl/
315,602,http://stowarzyszenie.org/
316,211,http://ppuh.com/
317,978,https://www.suchon.com/
318,386,https://www.gabinety.pl/
319,214,http://www.ppuh.pl/
320,76,https://www.kus.pl/
321,961,https://www.grupa.org/
322,904,https://www.gabinety.com/
323,392,https://www.ppuh.pl/
324,877,http://grupa.pl/
325,586,https://stowarzyszenie.org/
326,286,http://www.fpuh.org/
327,967,https://krzosek-komsta.pl/
328,196,https://grupa.org/
329,13,http://grupa.com/
330,847,https://spoldzielnia.com/
331,225,https://polaszek.com/
332,244,http://www.ppuh.pl/
333,381,https://www.ppuh.net/
334,917,http://www.gabryel-felus.com/
335,394,http://spoldzielnia.org/
336,837,http://bobel.pl/
337,496,http://grupa.com/
338,355,http://www.fpuh.com/
339,845,https://www.spoldzielnia.com/
340,720,http://kus-spolnik.com/
341,227,https://www.fundacja.pl/
342,923,https://kubaczyk.pl/
343,485,http://fpuh.com/
344,228,http://www.ppuh.pl/
345,737,http://gabinety.pl/
346,477,https://kuciel.pl/
347,556,https://szyjka-frelich.com/
348,938,https://fpuh.pl/
349,734,https://www.fundacja.pl/
350,609,https://www.midura.pl/
351,373,https://www.fundacja.org/
352,162,https://spoldzielnia.com/
353,462,http://fpuh.com/
354,135,http://jarema.pl/
355,120,http://grupa.pl/
356,837,https://chromy.pl/
357,430,https://gabinety.org/
358,284,https://cylwik.com/
359,161,http://grupa.pl/
360,543,http://www.letkiewicz.com/
361,110,https://wabik.com/
362,948,https://grupa.com/
363,11,http://www.grupa.pl/
364,518,https://www.kuncewicz-fiedorczuk.pl/
365,83,https://dykas-handzel.com/
366,398,http://keler-murach.com/
367,70,http://www.pieczyrak-pietrusiak.pl/
368,210,https://stowarzyszenie.pl/
369,907,http://www.stowarzyszenie.org/
370,969,http://fpuh.pl/
371,734,https://www.fpuh.pl/
372,153,https://fundacja.pl/
373,192,https://www.stowarzyszenie.pl/
374,821,http://wawrzynowicz.pl/
375,236,https://ppuh.com/
376,995,https://matynia-durlak.com/
377,705,http://www.jarema-drzal.pl/
378,571,http://www.fpuh.com/
379,228,http://grupa.org/
380,139,http://www.gabinety.com/
381,265,http://www.fundacja.com/
382,33,https://fpuh.pl/
383,248,https://fundacja.net/
384,350,https://www.kazimierczyk.pl/
385,676,http://www.pacura-jezyk.com/
386,396,http://www.stowarzyszenie.pl/
387,471,https://gryszkiewicz-brachman.com/
388,781,http://www.gabinety.com/
389,324,http://fpuh.net/
390,493,https://stowarzyszenie.pl/
391,566,http://linka.pl/
392,905,http://www.fpuh.pl/
393,747,http://www.gabinety.pl/
394,902,https://stowarzyszenie.org/
395,275,https://www.maksym-pawliczek.pl/
396,619,https://www.fundacja.pl/
397,996,http://www.spoldzielnia.com/
398,881,http://www.koczara-hawrylak.com/
399,682,http://steciuk.pl/
400,597,https://www.zagozdzon.pl/
401,251,https://chylak.com/
402,581,https://www.stowarzyszenie.pl/
403,609,https://grupa.net/
404,516,http://ppuh.pl/
405,51,http://www.fpuh.com/
406,184,http://fpuh.pl/
407,343,http://stowarzyszenie.com/
408,126,http://ppuh.net/
409,214,http://gabinety.com/
410,366,http://ppuh.com/
411,247,http://powierza.com/
412,558,http://www.citko-grabara.org/
413,810,https://grupa.com/
414,880,http://spoldzielnia.pl/
415,307,https://www.fundacja.net/
416,98,http://www.ppuh.pl/
417,65,http://stowarzyszenie.org/
418,554,https://krauz.com/
419,540,https://www.spoldzielnia.com/
420,833,https://fundacja.net/
421,928,https://stowarzyszenie.org/
422,333,https://przekop.pl/
423,255,https://fundacja.net/
424,600,http://www.behrendt-palus.pl/
425,115,http://kostek-burchardt.pl/
426,166,http://gabinety.com/
427,768,http://www.spoldzielnia.pl/
428,542,http://pieczarka-polakiewicz.pl/
429,803,http://www.fpuh.com/
430,773,http://gabinety.net/
431,634,https://gradek-pawliczek.pl/
432,640,https://www.ppuh.pl/
433,882,http://bondyra-goik.net/
434,605,http://www.fpuh.com/
435,566,https://www.bakiera-folga.net/
436,916,https://www.gabinety.pl/
437,742,http://ppuh.pl/
438,709,http://www.grygorowicz.pl/
439,908,http://www.balazy.net/
440,704,https://fpuh.com/
441,830,http://www.fpuh.pl/
442,306,http://krecichwost-groth.pl/
443,76,http://gabinety.org/
444,733,https://www.ppuh.pl/
445,241,https://www.gabinety.net/
446,662,http://gwizdek.com/
447,489,http://spoldzielnia.com/
448,318,https://www.gabinety.pl/
449,43,https://www.martyka-szyba.com/
450,48,https://www.sapa.org/
451,87,https://fundacja.com/
452,434,https://www.grupa.net/
453,257,http://paw-picheta.com/
454,624,https://gabinety.com/
455,179,https://grupa.com/
456,719,http://superson-cetera.com/
457,129,http://www.stowarzyszenie.com/
458,602,https://rok-mietus.net/
459,864,https://www.koscielak-imiolczyk.net/
460,94,http://www.gabinety.pl/
461,195,http://lica-maciejko.com/
462,873,http://www.szlachcic-salomon.com/
463,618,http://ppuh.org/
464,810,http://www.fpuh.pl/
465,914,https://ochnio.com/
466,410,https://spoldzielnia.pl/
467,559,https://ppuh.pl/
468,612,http://fpuh.org/
469,512,https://www.chwedoruk-balawender.pl/
470,32,https://www.grupa.net/
471,253,http://www.dudzicz-protasiuk.com/
472,728,https://www.szywala-buza.org/
473,771,http://kidawa-palen.com/
474,456,https://www.kroczak-zygula.pl/
475,351,https://www.basa.org/
476,278,https://kujawiak.com/
477,243,http://www.ciereszko.com/
478,64,https://www.stowarzyszenie.pl/
479,64,http://ppuh.pl/
480,867,https://www.gabinety.pl/
481,524,http://ppuh.com/
482,408,http://www.krzyk-michalkiewicz.net/
483,894,https://www.gabinety.pl/
484,693,https://www.grupa.com/
485,680,https://www.dziuda.org/
486,893,http://www.fpuh.net/
487,779,https://fundacja.pl/
488,289,https://ppuh.org/
489,891,https://www.spoldzielnia.com/
490,656,https://www.stowarzyszenie.pl/
491,73,https://www.fundacja.net/
492,290,https://www.gabinety.com/
493,154,https://stowarzyszenie.com/
494,527,http://www.ppuh.pl/
495,636,http://kordys-zagrodnik.com/
496,399,https://gabinety.com/
497,61,http://waloszek.com/
498,655,https://krzyskow.net/
499,344,http://grupa.com/
500,79,http://grupa.com/
501,389,https://www.gabinety.com/
502,242,http://www.grupa.pl/
503,717,https://stowarzyszenie.com/
504,633,http://fpuh.com/
505,245,https://grupa.pl/
506,563,https://www.stempin-kohnke.pl/
507,974,https://www.spoldzielnia.pl/
508,578,https://www.kretowicz-gomola.net/
509,172,https://www.stowarzyszenie.pl/
510,921,https://www.fundacja.pl/
511,43,https://www.fpuh.pl/
512,710,http://www.stowarzyszenie.pl/
513,748,https://www.bystrek.pl/
514,285,http://gabinety.com/
515,739,https://www.soroko.org/
516,491,http://www.ppuh.pl/
517,118,http://www.grupa.com/
518,567,http://www.golonko.com/
519,694,http://gabinety.pl/
520,467,http://www.spoldzielnia.com/
521,595,https://grupa.pl/
522,843,https://www.fundacja.pl/
523,272,https://www.zawal.com/
524,66,http://www.gabinety.pl/
525,373,http://www.ppuh.com/
526,969,http://koniec.org/
527,893,http://ppuh.pl/
528,739,http://www.steinke.com/
529,219,http://fundacja.com/
530,820,http://goral-materka.org/
531,217,http://fpuh.com/
532,168,http://gabinety.com/
533,63,http://www.kucewicz.pl/
534,600,https://www.zaucha.pl/
535,316,https://www.laszcz.org/
536,34,https://falba-panus.pl/
537,982,http://www.holc.org/
538,562,https://www.fundacja.pl/
539,867,http://www.rut.pl/
540,124,https://cybul-wielgo.org/
541,132,http://www.fundacja.com/
542,190,http://www.wazny-kosciukiewicz.com/
543,767,https://spoldzielnia.pl/
544,289,http://www.gradziel-samul.com/
545,719,https://www.truchel-pacholak.com/
546,212,http://www.ciesielka-ryndak.pl/
547,324,http://pysz.com/
548,822,http://karwan-polnik.pl/
549,9,https://www.rzad.com/
550,194,https://gabinety.net/
551,38,https://fpuh.net/
552,933,https://www.kolarczyk-fura.pl/
553,903,https://www.rozum.net/
554,597,https://tywoniuk.org/
555,748,https://fundacja.org/
556,122,http://fundacja.net/
557,730,http://www.smagacz-cimoch.com/
558,773,http://gabinety.com/
559,316,http://www.gabinety.pl/
560,667,http://fpuh.com/
561,361,https://www.grupa.pl/
562,534,http://gros.com/
563,413,https://www.spadlo-oleskiewicz.pl/
564,893,https://grupa.pl/
565,582,https://www.kuk.org/
566,925,http://ppuh.org/
567,99,http://troka.pl/
568,788,http://www.latuszek-pyza.pl/
569,741,https://www.grupa.com/
570,517,https://okraska-jedrak.net/
571,391,http://spoldzielnia.com/
572,724,https://stowarzyszenie.org/
573,896,http://fundacja.com/
574,369,https://fpuh.com/
575,825,https://hajder-sulik.net/
576,818,https://grupa.org/
577,887,https://bitner.com/
578,141,https://www.gabinety.com/
579,497,http://www.dydak.com/
580,986,https://ppuh.pl/
581,38,http://www.stowarzyszenie.pl/
582,800,http://szoltysik.pl/
583,531,https://rembisz.com/
584,896,http://www.zys-kwapien.pl/
585,636,http://www.samul.net/
586,959,https://www.gabinety.com/
587,313,http://www.krzyskow-glanc.com/
588,981,http://spoldzielnia.pl/
589,171,https://www.stowarzyszenie.pl/
590,731,https://www.spoldzielnia.com/
591,427,https://www.fundacja.com/
592,79,https://niemira.com/
593,902,https://www.faltyn.org/
594,92,https://fundacja.com/
595,740,http://gabinety.pl/
596,382,http://www.andruszko.net/
597,350,https://spoldzielnia.pl/
598,612,http://www.fundacja.com/
599,707,https://www.capala-worach.com/
600,830,http://grupa.com/
601,83,http://spoldzielnia.pl/
602,589,http://fpuh.org/
603,941,https://grupa.net/
604,240,https://balawender.net/
605,329,http://galuba.org/
606,512,https://www.ppuh.net/
607,140,http://www.stowarzyszenie.com/
608,40,https://www.pabis-kucharz.pl/
609,618,http://www.grupa.com/
610,130,http://www.stowarzyszenie.com/
611,799,http://gabinety.org/
612,250,https://fundacja.pl/
613,166,https://www.klaja.com/
614,327,https://www.gabinety.pl/
615,761,http://www.spoldzielnia.com/
616,387,https://wypchlo.pl/
617,918,https://www.bulak-kilar.net/
618,753,http://www.turon.com/
619,96,http://bodziony-ziarnik.pl/
620,462,http://www.bzdziuch.net/
621,914,http://fundacja.org/
622,634,https://blazejak-jeka.net/
623,177,https://kalwak-igras.pl/
624,258,https://ppuh.com/
625,687,http://www.wiencek-otremba.com/
626,310,https://www.grupa.net/
627,926,http://nastaj-swiergiel.pl/
628,166,https://spoldzielnia.pl/
629,109,http://www.fpuh.net/
630,821,http://www.stowarzyszenie.pl/
631,367,http://www.fpuh.com/
632,65,http://kalista-wawrzyk.org/
633,173,https://kinder.org/
634,670,https://grupa.net/
635,967,https://www.tomalik-lenc.pl/
636,713,https://www.spoldzielnia.com/
637,946,https://sromek-anders.com/
638,570,http://stowarzyszenie.com/
639,931,http://www.stowarzyszenie.com/
640,977,https://www.chomiuk-cudzich.pl/
641,694,https://para-flisek.com/
642,958,https://www.rudowicz.pl/
643,300,https://ppuh.org/
644,959,https://www.fpuh.org/
645,512,http://www.grupa.pl/
646,163,http://fundacja.org/
647,603,https://www.fundacja.pl/
648,66,http://www.stowarzyszenie.pl/
649,619,http://www.fundacja.com/
650,661,http://www.pinda.pl/
651,76,https://www.stowarzyszenie.com/
652,642,https://fundacja.net/
653,316,https://www.fundacja.org/
654,6,https://fundacja.com/
655,200,https://www.grupa.pl/
656,424,http://www.rudolf-szynkiewicz.pl/
657,342,http://www.olesiejuk.com/
658,289,http://fpuh.net/
659,408,https://fundacja.pl/
660,21,http://www.gabinety.pl/
661,272,http://litwinowicz-suchta.pl/
662,715,http://www.grupa.pl/
663,122,http://spoldzielnia.pl/
664,138,http://bulczak-dworczak.net/
665,581,http://www.gabinety.com/
666,48,http://gabinety.net/
667,310,https://fpuh.pl/
668,999,http://www.lachacz.pl/
669,221,https://www.urynowicz.com/
670,222,https://www.gabinety.pl/
671,978,http://www.durys-matynia.pl/
672,384,https://fundacja.com/
673,734,http://www.gaszczak-jachna.pl/
674,10,https://www.stowarzyszenie.com/
675,803,http://www.pedrak.com/
676,475,https://www.ppuh.pl/
677,602,https://www.stowarzyszenie.pl/
678,788,http://fpuh.net/
679,739,http://gabinety.pl/
680,353,http://www.fundacja.pl/
681,218,http://www.spoldzielnia.org/
682,509,https://www.ppuh.pl/
683,107,http://spoldzielnia.com/
684,116,https://www.piekara.com/
685,192,https://stowarzyszenie.pl/
686,523,https://www.fpuh.org/
687,384,http://www.grupa.pl/
688,292,https://www.kulczak-janic.com/
689,345,http://www.kazek-postawa.com/
690,642,https://staniaszek-gros.pl/
691,405,https://ppuh.net/
692,322,https://www.janisz-pancerz.net/
693,674,https://fpuh.org/
694,735,https://www.stowarzyszenie.com/
695,628,http://www.grupa.net/
696,937,http://www.fundacja.pl/
697,988,http://www.spoldzielnia.com/
698,948,http://www.fpuh.com/
699,646,http://www.grotek.pl/
700,542,http://www.slabosz-pesta.pl/
701,649,http://www.gabinety.com/
702,937,https://www.zlotek.com/
703,583,http://ppuh.pl/
704,276,https://weremczuk.com/
705,448,https://www.grupa.com/
706,427,http://www.labno.pl/
707,777,https://www.fpuh.net/
708,332,https://ochwat.org/
709,728,http://www.spoldzielnia.pl/
710,55,http://www.fundacja.net/
711,458,http://www.fpuh.com/
712,979,http://www.ppuh.com/
713,436,http://fpuh.pl/
714,709,http://www.gabinety.pl/
715,314,https://www.bryczek.com/
716,822,https://www.gabinety.com/
717,868,https://fpuh.com/
718,23,http://www.gabinety.com/
719,191,http://koniec.com/
720,346,https://grupa.net/
721,659,http://www.kurys.net/
722,903,http://hetmanczyk.pl/
723,7,http://ppuh.pl/
724,589,http://dubis-strzoda.org/
725,616,https://szumna-stojak.org/
726,559,http://slonka-wyderka.pl/
727,156,https://fpuh.pl/
728,168,https://www.grupa.org/
729,925,https://www.ciak.com/
730,334,http://www.fpuh.pl/
731,226,http://klaja-baszak.net/
732,260,http://fundacja.pl/
733,453,https://stowarzyszenie.pl/
734,715,https://spoldzielnia.net/
735,512,https://www.cal.pl/
736,436,https://jewula.net/
737,789,https://fundacja.pl/
738,302,http://grupa.com/
739,961,https://supernak.com/
740,733,https://gabinety.pl/
741,125,http://oszust.com/
742,340,https://www.aleksander-stosio.pl/
743,623,https://www.grupa.com/
744,670,https://www.szabla-mirgos.pl/
745,145,http://www.ppuh.pl/
746,975,https://www.fundacja.pl/
747,658,https://www.spoldzielnia.org/
748,26,https://www.ppuh.pl/
749,105,http://stowarzyszenie.com/
750,485,http://spoldzielnia.org/
751,216,https://www.fpuh.com/
752,72,https://spoldzielnia.net/
753,832,https://www.grupa.com/
754,851,http://gabinety.com/
755,616,http://witaszek.net/
756,965,https://kurda.pl/
757,878,http://www.fpuh.com/
758,328,http://www.miecznik.net/
759,248,https://www.grupa.net/
760,891,http://goss.org/
761,377,https://gabinety.com/
762,416,http://www.fundacja.pl/
763,920,https://lademann-pilarek.com/
764,453,https://www.ppuh.com/
765,837,https://fpuh.pl/
766,902,http://stowarzyszenie.pl/
767,183,https://www.koziatek-matyjaszek.pl/
768,610,http://piersa.com/
769,607,https://fundacja.com/
770,921,http://www.ziola-czupryna.com/
771,298,https://www.spoldzielnia.net/
772,72,https://www.spoldzielnia.pl/
773,609,http://www.ppuh.com/
774,207,https://www.osman-pasciak.com/
775,456,https://www.gabinety.com/
776,331,http://www.stowarzyszenie.pl/
777,448,http://www.stowarzyszenie.org/
778,783,http://www.fundacja.net/
779,330,http://dabrowicz-swierszcz.com/
780,284,http://ciemiega-kiljan.com/
781,327,https://www.mielcarz.net/
782,660,http://fpuh.net/
783,714,https://bancerz-gumula.com/
784,40,http://www.legutko.pl/
785,809,http://janka.pl/
786,641,https://www.westfal.com/
787,502,https://www.stowarzyszenie.pl/
788,520,https://www.dawiec.pl/
789,966,https://krauz-bialasik.com/
790,518,http://www.ppuh.pl/
791,838,https://www.fpuh.com/
792,524,https://naglik.pl/
793,968,http://www.grupa.com/
794,387,https://fundacja.pl/
795,767,http://grupa.com/
796,985,http://maciejko.pl/
797,568,https://famula-babel.pl/
798,701,http://szmalec-srokosz.com/
799,712,http://goik-urynowicz.pl/
800,533,https://rosolek-nawrotek.pl/
801,804,https://spoldzielnia.pl/
802,607,http://www.chyb.com/
803,250,https://rubacha-szyca.pl/
804,601,http://noszczyk-walentynowicz.net/
805,569,http://www.ppuh.pl/
806,246,https://jasionek.com/
807,88,https://stowarzyszenie.com/
808,623,https://barszczak.pl/
809,972,https://miara-leszkiewicz.pl/
810,404,http://ppuh.com/
811,989,http://www.fpuh.com/
812,547,https://gabinety.pl/
813,411,https://www.fidos-kajdas.pl/
814,398,https://www.chowaniak-szlufik.pl/
815,695,https://www.gabinety.com/
816,10,https://www.roczniak-madrzak.org/
817,321,http://fpuh.com/
818,681,http://fpuh.pl/
819,923,http://www.supel-pabisiak.com/
820,159,http://www.fundacja.com/
821,479,https://fundacja.pl/
822,636,https://gabinety.pl/
823,507,https://radzewicz.pl/
824,854,http://stowarzyszenie.com/
825,851,http://www.spoldzielnia.org/
826,777,https://www.gabinety.com/
827,612,http://fundacja.com/
828,784,http://sycz.pl/
829,116,https://www.wojtak-zoltek.org/
830,386,http://www.grupa.com/
831,184,https://www.gabinety.com/
832,239,http://gabinety.net/
833,247,https://www.starek-slupek.org/
834,280,http://www.ufnal.org/
835,373,https://strojna-sondej.com/
836,369,https://spadlo.pl/
837,818,http://www.ppuh.pl/
838,670,http://bazela-linka.com/
839,428,https://www.spoldzielnia.com/
840,502,https://kopyt-sady.org/
841,459,http://szumny.com/
842,558,http://www.fundacja.net/
843,263,https://www.oleszczak.net/
844,6,http://www.gabinety.com/
845,814,https://www.ograbek-zolnierczyk.net/
846,306,http://gabinety.pl/
847,240,http://ppuh.pl/
848,650,http://www.spoldzielnia.com/
849,709,http://www.stowarzyszenie.com/
850,179,https://stowarzyszenie.pl/
851,534,http://stowarzyszenie.com/
852,64,http://gabinety.pl/
853,457,http://www.stowarzyszenie.org/
854,599,http://www.gabinety.pl/
855,641,https://ciereszko-pawliczak.net/
856,176,http://www.grupa.pl/
857,194,http://wyrwal-szumna.pl/
858,69,http://haponiuk.pl/
859,128,https://salomon-pietrusiewicz.org/
860,831,https://spoldzielnia.com/
861,794,https://smagala.org/
862,109,https://www.karpiel.com/
863,23,https://www.ppuh.com/
864,368,http://www.stowarzyszenie.pl/
865,659,https://www.gabinety.pl/
866,665,http://spoldzielnia.pl/
867,77,https://fundacja.net/
868,889,https://www.spoldzielnia.pl/
869,28,https://ppuh.pl/
870,420,https://www.szczypek.com/
871,536,http://grupa.pl/
872,130,http://www.fpuh.com/
873,111,http://www.stowarzyszenie.com/
874,651,http://www.stowarzyszenie.net/
875,727,http://www.ppuh.pl/
876,479,https://gabinety.pl/
877,689,http://sibiga-wdowczyk.com/
878,19,http://www.piekara.pl/
879,407,http://galon.pl/
880,675,https://www.gowin-rosada.net/
881,365,http://www.piechura.pl/
882,773,http://grupa.pl/
883,26,http://www.krauza.net/
884,795,http://www.fiolka.pl/
885,145,https://spoldzielnia.com/
886,646,http://www.stowarzyszenie.com/
887,285,http://kidon.com/
888,619,http://www.fundacja.net/
889,106,https://www.adamiuk-tofil.com/
890,127,http://www.solich.com/
891,795,https://fpuh.pl/
892,284,https://www.fpuh.com/
893,382,https://www.ppuh.com/
894,428,https://fundacja.pl/
895,508,http://gabinety.pl/
896,582,https://www.fpuh.pl/
897,838,http://spoldzielnia.pl/
898,333,https://www.tomalak-nastaj.pl/
899,546,https://kurczab.pl/
900,679,http://ppuh.pl/
901,692,http://fpuh.com/
902,874,https://grupa.com/
903,429,http://www.stranc-kochanowicz.com/
904,833,https://stowarzyszenie.org/
905,75,https://www.honkisz-prazmo.com/
906,280,http://www.gabinety.pl/
907,356,https://www.spoldzielnia.com/
908,112,http://www.grupa.pl/
909,762,https://www.spoldzielnia.pl/
910,406,http://www.ppuh.com/
911,305,https://ryndak-brodka.pl/
912,432,https://www.grupa.pl/
913,365,https://www.spoldzielnia.pl/
914,651,https://spoldzielnia.net/
915,412,http://www.stowarzyszenie.org/
916,848,http://www.fpuh.com/
917,833,https://www.spoldzielnia.com/
918,31,http://kopczyk.com/
919,174,https://www.gozdur.net/
920,28,http://www.grupa.com/
921,528,https://kuffel-cacko.pl/
922,859,http://stowarzyszenie.com/
923,922,https://grupa.net/
924,814,https://www.gabinety.pl/
925,346,http://fpuh.pl/
926,146,https://www.ppuh.com/
927,611,https://wolos-malewicz.net/
928,805,https://fundacja.net/
929,816,https://rohde-jasnoch.com/
930,497,http://www.fundacja.com/
931,151,https://www.zawal.org/
932,196,http://www.mlynczyk-franas.net/
933,737,http://www.bitner.org/
934,39,https://stowarzyszenie.pl/
935,885,https://www.olma-przerwa.pl/
936,214,https://www.jasko.com/
937,6,http://pazik.pl/
938,754,http://www.szumny.com/
939,973,http://grupa.pl/
940,438,https://www.gabinety.pl/
941,977,http://fundacja.com/
942,228,http://www.iskierka.pl/
943,634,http://stowarzyszenie.com/
944,640,http://www.fpuh.com/
945,504,https://fpuh.com/
946,925,https://adrian.org/
947,331,http://sypek.pl/
948,866,http://www.stowarzyszenie.pl/
949,547,https://www.gabinety.com/
950,239,https://www.raszkiewicz.pl/
951,815,https://wawrzyczek.com/
952,174,http://www.ppuh.com/
953,42,http://spoldzielnia.com/
954,789,http://www.majczyna.org/
955,73,http://matyjaszek-kuder.org/
956,962,https://hojka.com/
957,558,http://www.pabis.com/
958,560,https://www.oslizlo.com/
959,29,https://radzewicz.com/
960,191,http://www.gabinety.net/
961,492,https://pianka.com/
962,502,http://ppuh.pl/
963,885,https://www.bogus-wrzesniak.pl/
964,524,http://bartos.net/
965,693,https://stowarzyszenie.pl/
966,668,http://www.gabinety.pl/
967,63,http://fpuh.com/
968,528,https://www.fundacja.pl/
969,870,https://www.stowarzyszenie.com/
970,413,http://www.doroba-adrian.pl/
971,144,http://siekierka-bobak.pl/
972,965,https://www.spoldzielnia.pl/
973,90,http://www.pachla-kocol.pl/
974,748,https://www.stowarzyszenie.pl/
975,252,http://www.budych.pl/
976,56,http://fundacja.pl/
977,42,https://www.fundacja.org/
978,444,https://ppuh.com/
979,802,http://gabinety.pl/
980,199,https://misiaszek-kadela.pl/
981,784,http://www.lewek.org/
982,709,http://grupa.com/
983,62,http://www.zawodnik.com/
984,540,https://www.celuch.net/
985,363,https://www.fundacja.com/
986,777,http://www.grupa.org/
987,108,http://www.fundacja.pl/
988,270,http://spoldzielnia.net/
989,980,http://www.fundacja.net/
990,287,http://grupa.pl/
991,153,https://www.spoldzielnia.pl/
992,110,https://www.kroll.net/
993,677,https://grupa.pl/
994,251,http://www.fpuh.com/
995,363,https://www.stowarzyszenie.pl/
996,744,https://www.naumiuk.pl/
997,160,https://www.ppuh.net/
998,218,http://www.fundacja.com/
