,MeetingID,MeetingUrl
0,314,https://fpuh.org/
1,704,http://spoldzielnia.com/
2,246,https://fundacja.com/
3,48,http://ppuh.net/
4,793,http://gabinety.com/
5,666,https://www.monkiewicz.com/
6,90,https://www.fpuh.org/
7,687,https://www.zieciak.net/
8,294,http://gabinety.pl/
9,381,https://stowarzyszenie.net/
10,710,https://www.spoldzielnia.com/
11,593,http://www.gabinety.net/
12,488,https://www.zwara-kurbiel.com/
13,201,https://ppuh.net/
14,242,http://gabinety.com/
15,356,https://www.gabinety.pl/
16,681,https://dykas.com/
17,990,https://fundacja.org/
18,393,http://stowarzyszenie.pl/
19,483,https://www.ochal-dudczak.org/
20,262,https://spoldzielnia.org/
21,371,https://www.toma-kleina.com/
22,405,http://www.maruszczyk-goska.com/
23,237,https://www.gabinety.com/
24,354,http://www.doroszuk.pl/
25,673,https://www.fundacja.com/
26,552,https://stowarzyszenie.com/
27,643,http://www.fundacja.com/
28,631,https://spoldzielnia.pl/
29,353,https://www.kucab.pl/
30,866,http://gabinety.com/
31,318,https://www.obuchowicz.org/
32,734,http://gabinety.com/
33,674,http://fpuh.org/
34,178,http://laszuk-szemraj.com/
35,319,http://www.ppuh.net/
36,473,https://wazna-orman.pl/
37,143,http://www.gabinety.pl/
38,394,http://www.gabinety.com/
39,792,https://fundacja.pl/
40,224,http://fpuh.com/
41,769,https://szpyrka.pl/
42,144,http://spoldzielnia.com/
43,235,http://ppuh.org/
44,885,http://bajak-melka.net/
45,139,http://fpuh.net/
46,303,http://gabinety.pl/
47,798,http://fpuh.pl/
48,282,http://stowarzyszenie.com/
49,665,https://www.ppuh.org/
50,874,https://spoldzielnia.com/
51,55,https://stowarzyszenie.pl/
52,989,https://sommerfeld.com/
53,92,https://www.mironiuk.com/
54,829,http://spoldzielnia.com/
55,514,https://ppuh.pl/
56,6,https://www.pajdak.com/
57,626,http://www.fundacja.com/
58,211,http://spoldzielnia.net/
59,384,https://www.dulak-miechowicz.pl/
60,301,https://cader.com/
61,262,https://zero.pl/
62,178,http://www.stowarzyszenie.org/
63,949,https://www.machowicz-siemienczuk.pl/
64,914,https://kroczak-armatys.com/
65,956,https://www.fpuh.pl/
66,973,http://www.fundacja.com/
67,903,http://wazna.com/
68,505,https://ppuh.org/
69,542,https://ppuh.pl/
70,455,https://pawlaczek.pl/
71,253,https://stowarzyszenie.com/
72,677,https://kloch.pl/
73,70,http://fras-kwapis.pl/
74,478,https://www.fpuh.pl/
75,349,https://janoszek-sugier.com/
76,748,https://www.spoldzielnia.com/
77,695,http://www.teodorowicz.com/
78,749,https://wons-jakoniuk.net/
79,892,https://www.fpuh.net/
80,321,http://fundacja.pl/
81,54,https://www.spoldzielnia.pl/
82,851,http://www.ppuh.pl/
83,869,https://fpuh.pl/
84,778,http://www.tasarz-danisz.pl/
85,398,http://grzeszkowiak-bisaga.com/
86,444,http://www.dudkowiak-rduch.pl/
87,956,https://www.fpuh.pl/
88,470,https://www.garncarek-soltysek.com/
89,555,http://ppuh.net/
90,5,http://stosio-kurant.pl/
91,650,https://ppuh.pl/
92,199,http://www.skrzecz.org/
93,540,http://gabinety.org/
94,163,https://www.stowarzyszenie.net/
95,757,http://www.grupa.org/
96,531,https://www.malas.net/
97,981,http://stowarzyszenie.org/
98,579,https://www.grupa.pl/
99,38,http://www.stowarzyszenie.com/
100,671,https://fpuh.pl/
101,76,http://www.fpuh.pl/
102,360,http://www.grupa.com/
103,198,http://www.stowarzyszenie.com/
104,351,http://dynia-czlonka.pl/
105,190,http://zegar-leszczuk.pl/
106,742,https://grupa.pl/
107,184,http://www.salawa-flieger.pl/
108,869,http://www.grzegorzak.net/
109,46,http://www.kalwak-prokurat.com/
110,791,https://spoldzielnia.com/
111,759,http://www.fundacja.net/
112,3,https://www.fundacja.pl/
113,474,https://spoldzielnia.com/
114,241,https://www.ochnik.net/
115,953,https://grupa.net/
116,481,https://grupa.pl/
117,904,https://www.grupa.com/
118,855,http://www.ogonek.pl/
119,111,http://www.grupa.net/
120,246,http://www.gabinety.org/
121,9,http://www.kuciak-romankiewicz.pl/
122,417,http://www.kawula-piaseczna.org/
123,333,https://fpuh.com/
124,90,https://www.misztela-wieladek.pl/
125,291,https://cmiel.com/
126,88,http://www.gabinety.pl/
127,850,http://janasz.net/
128,402,http://www.karkocha.pl/
129,329,http://spoldzielnia.pl/
130,14,http://ppuh.pl/
131,272,http://www.grupa.pl/
132,522,http://www.fpuh.com/
133,534,http://batog-hapka.net/
134,309,https://grupa.com/
135,394,https://hajder-sztuba.com/
136,703,https://www.ppuh.com/
137,402,http://www.adamaszek.com/
138,689,http://www.wasala.com/
139,84,https://ppuh.com/
140,214,https://lyjak.com/
141,858,https://www.gabinety.net/
142,46,http://gabinety.pl/
143,261,http://gabinety.pl/
144,465,http://www.gabinety.pl/
145,521,http://www.fundacja.net/
146,651,http://www.stowarzyszenie.com/
147,765,http://www.grupa.org/
148,777,http://www.spoldzielnia.com/
149,329,http://www.fpuh.net/
150,698,http://www.malecha.net/
151,29,http://www.gabinety.pl/
152,621,https://fundacja.pl/
153,828,https://ppuh.com/
154,718,https://stowarzyszenie.pl/
155,912,https://fundacja.net/
156,630,http://grupa.com/
157,591,http://www.fpuh.com/
158,28,https://www.jagielo-zolkiewicz.pl/
159,722,https://www.grupa.pl/
160,721,https://www.gabinety.pl/
161,594,http://herdzik.com/
162,376,http://spoldzielnia.net/
163,204,https://jozwik-bohdanowicz.pl/
164,63,http://www.fundacja.com/
165,133,http://www.mietka-husak.com/
166,370,https://ambrozewicz-blazejczak.pl/
167,915,https://stowarzyszenie.net/
168,346,https://www.stowarzyszenie.com/
169,810,http://www.stowarzyszenie.com/
170,980,http://spoldzielnia.com/
171,27,https://fpuh.pl/
172,858,https://gomola-rzeszutko.pl/
173,173,https://www.lesik.com/
174,870,http://www.matyjas.pl/
175,896,http://www.miasko-buksa.net/
176,437,https://stowarzyszenie.com/
177,500,http://kurda-osada.com/
178,304,https://spoldzielnia.pl/
179,694,http://www.szrama-trzpil.com/
180,39,https://stowarzyszenie.org/
181,769,https://www.folta.com/
182,644,https://stowarzyszenie.com/
183,618,https://chatys.pl/
184,832,http://miksza.pl/
185,772,https://grupa.com/
186,52,https://graj.com/
187,354,http://stowarzyszenie.pl/
188,937,https://spoldzielnia.com/
189,486,http://www.bender-wicha.pl/
190,746,https://drobny.pl/
191,164,http://uzar-gordon.com/
192,21,http://pazik-zawal.com/
193,867,http://www.siemek.pl/
194,545,https://www.stowarzyszenie.pl/
195,651,http://www.fundacja.com/
196,746,https://www.prokopczyk.pl/
197,291,http://www.sobisz.com/
198,802,http://www.bobik.pl/
199,572,https://www.gabinety.net/
200,237,http://gabinety.com/
201,844,https://www.gregorowicz.net/
202,492,https://www.spoldzielnia.com/
203,947,http://www.kretek.net/
204,191,http://www.stowarzyszenie.com/
205,957,https://fpuh.com/
206,501,https://tabisz-margas.net/
207,720,https://www.grupa.com/
208,380,https://www.stowarzyszenie.com/
209,239,http://www.ppuh.com/
210,490,http://teclaw-gozdur.pl/
211,598,https://stowarzyszenie.com/
212,1000,http://www.korek.com/
213,318,https://spoldzielnia.pl/
214,770,https://www.gabinety.com/
215,538,https://www.grupa.com/
216,338,https://fundacja.pl/
217,931,http://www.kuza-lato.com/
218,745,https://ksel-kocwin.net/
219,488,http://ficon-osica.pl/
220,151,http://www.gabinety.org/
221,714,http://www.ryszkiewicz-zmija.pl/
222,385,https://kolarz-solis.pl/
223,443,https://www.gabinety.pl/
224,630,https://lisak.org/
225,477,https://www.zadworny-kazubek.com/
226,264,http://www.spoldzielnia.org/
227,387,http://www.fpuh.net/
228,712,http://stowarzyszenie.pl/
229,904,https://stowarzyszenie.com/
230,618,http://plocienniczak-gotfryd.org/
231,457,http://www.fpuh.pl/
232,517,http://mikusek-kucewicz.net/
233,408,https://www.kurzac.com/
234,598,https://derylo.net/
235,643,https://spoldzielnia.pl/
236,534,http://www.ppuh.org/
237,227,https://andryszczyk.pl/
238,309,http://ppuh.com/
239,675,http://www.gabinety.org/
240,305,http://www.ppuh.pl/
241,743,https://www.bytner-kniaz.pl/
242,131,http://szymkow.pl/
243,388,https://www.kostek-rejmak.com/
244,322,http://ppuh.net/
245,51,http://www.usarek.pl/
246,173,https://www.plodzien-mysior.com/
247,17,http://trzcionka.pl/
248,145,http://www.gabinety.com/
249,221,https://www.karys-gieron.pl/
250,963,https://www.piechura.com/
251,131,https://lepak.com/
252,84,http://lasica-irla.net/
253,681,http://wozniczko.pl/
254,981,http://spoldzielnia.net/
255,220,https://spoldzielnia.org/
256,546,https://zaucha-bialach.pl/
257,892,https://www.ppuh.pl/
258,924,http://bejnarowicz-solek.org/
259,81,https://www.nurkiewicz-konsek.com/
260,943,https://www.fpuh.net/
261,647,https://ciesielka-petryk.pl/
262,519,http://fpuh.org/
263,654,https://www.barszczak.pl/
264,701,http://malarczyk.com/
265,828,https://www.fpuh.com/
266,597,https://www.grupa.net/
267,522,http://stowarzyszenie.pl/
268,829,https://www.laszczyk.pl/
269,651,https://www.fpuh.net/
270,752,http://grupa.pl/
271,870,http://bzdziuch.com/
272,427,http://www.poczta-sasak.pl/
273,161,http://spoldzielnia.com/
274,237,https://wlazly-osko.com/
275,354,http://www.krzykala-malycha.org/
276,888,https://lukasz.org/
277,185,https://wazna.net/
278,219,http://www.stowarzyszenie.pl/
279,681,https://www.grupa.com/
280,209,http://spoldzielnia.com/
281,550,https://john.net/
282,602,http://ppuh.com/
283,928,https://fpuh.net/
284,977,http://fundacja.pl/
285,314,http://www.toczko.pl/
286,287,https://grupa.pl/
287,572,http://www.spoldzielnia.com/
288,507,http://www.fpuh.pl/
289,168,http://www.elias-mularz.org/
290,460,http://www.szurek.pl/
291,324,http://szwaja.pl/
292,519,http://www.radzio-bialka.com/
293,822,https://fpuh.com/
294,472,http://www.ppuh.com/
295,812,http://fundacja.com/
296,597,http://fundacja.pl/
297,419,http://fpuh.pl/
298,656,https://www.spoldzielnia.com/
299,441,http://www.stowarzyszenie.org/
300,931,https://www.grupa.net/
301,426,http://www.ppuh.com/
302,372,https://grupa.com/
303,847,https://www.ppuh.com/
304,424,http://stowarzyszenie.net/
305,61,https://nurkiewicz-radko.org/
306,981,http://www.ppuh.com/
307,706,http://ppuh.com/
308,734,http://spoldzielnia.org/
309,126,http://grupa.net/
310,552,http://www.fijol.pl/
311,22,http://www.fpuh.pl/
312,799,https://www.miecznik-bladek.pl/
313,968,https://www.szajek.com/
314,622,https://www.ppuh.com/
315,228,https://srokosz-kalwak.org/
316,719,http://www.spoldzielnia.org/
317,329,http://kucharzyk-nagel.com/
318,368,https://ligenza-piekara.com/
319,767,https://ppuh.pl/
320,716,https://www.ryczko-butrym.org/
321,210,http://fundacja.pl/
322,666,https://spoldzielnia.pl/
323,643,https://www.ppuh.pl/
324,63,http://ppuh.pl/
325,728,http://stowarzyszenie.com/
326,634,https://gabinety.com/
327,362,https://www.franas.net/
328,895,https://lasica-cierpisz.com/
329,534,https://www.hennig.pl/
330,307,https://www.fundacja.org/
331,678,https://fundacja.pl/
332,133,https://www.zbylut-lesiewicz.pl/
333,363,https://woronko.org/
334,914,https://www.kozar-szyma.org/
335,271,https://www.stowarzyszenie.org/
336,672,http://www.pera-ciemiega.org/
337,989,https://www.rohde-sady.com/
338,909,https://gabinety.pl/
339,286,http://www.grupa.com/
340,453,http://www.fundacja.net/
341,739,https://www.poleszak.com/
342,660,http://spoldzielnia.com/
343,86,http://gabinety.pl/
344,160,https://rozynek.com/
345,598,http://spoldzielnia.pl/
346,409,http://jeka-holubowicz.com/
347,616,https://skladanek-waldoch.pl/
348,704,http://spoldzielnia.com/
349,665,https://www.stowarzyszenie.pl/
350,275,http://www.spoldzielnia.pl/
351,29,http://pitala.pl/
352,586,http://materek.pl/
353,695,http://fundacja.net/
354,454,http://www.gabinety.pl/
355,779,https://www.swies.pl/
356,177,https://www.stasko-makles.pl/
357,234,http://huczko.pl/
358,368,https://tomys-kolanek.pl/
359,684,https://gabinety.com/
360,923,http://spoldzielnia.pl/
361,169,http://www.fundacja.pl/
362,589,http://wendt.com/
363,15,http://fundacja.pl/
364,241,https://www.grupa.pl/
365,221,https://www.molek-szpyra.com/
366,714,http://grupa.com/
367,788,http://www.martin-makar.com/
368,389,https://fundacja.org/
369,280,http://www.bregula.com/
370,32,http://www.wiak-listwan.net/
371,852,http://jedra.com/
372,826,http://dorawa.pl/
373,465,https://www.block.com/
374,597,http://www.grupa.net/
375,78,https://www.bicz-kiszczak.pl/
376,562,https://stowarzyszenie.pl/
377,396,http://fundacja.pl/
378,819,http://piekacz-bohdanowicz.pl/
379,513,https://fpuh.com/
380,20,https://stowarzyszenie.com/
381,12,https://spoldzielnia.com/
382,220,https://fpuh.com/
383,261,https://www.fundacja.pl/
384,664,https://spoldzielnia.com/
385,415,http://www.fundacja.com/
386,620,http://www.fpuh.com/
387,741,https://fpuh.net/
388,702,https://fundacja.pl/
389,833,http://www.stowarzyszenie.pl/
390,779,https://stempniak-sliz.com/
391,889,https://spoldzielnia.pl/
392,355,http://stowarzyszenie.pl/
393,753,http://www.fundacja.com/
394,982,https://fundacja.pl/
395,983,https://kliber-bacik.pl/
396,421,http://www.stowarzyszenie.com/
397,994,http://giel.com/
398,747,http://www.grupa.com/
399,930,http://witko-cieniuch.net/
400,184,http://www.spoldzielnia.com/
401,238,https://jakimiak.org/
402,598,https://kiryluk-janoszka.pl/
403,486,https://ppuh.org/
404,62,https://www.achtelik-wolanczyk.com/
405,298,https://www.kosiec.pl/
406,416,http://www.gabinety.pl/
407,112,https://swiatkiewicz-strzepek.pl/
408,313,http://www.stowarzyszenie.pl/
409,763,https://fpuh.pl/
410,652,https://fundacja.com/
411,319,https://www.fpuh.pl/
412,560,https://www.skrobot.com/
413,282,https://wawrzyczek-mich.org/
414,467,http://www.mytych-turczyk.com/
415,7,http://www.makosz-lisak.pl/
416,841,http://mendyka.com/
417,212,https://spoldzielnia.org/
418,483,https://www.gabinety.pl/
419,791,http://fundacja.pl/
420,367,http://www.fundacja.net/
421,790,http://stowarzyszenie.com/
422,4,https://www.bryndza.pl/
423,823,http://www.fundacja.pl/
424,249,http://www.fundacja.pl/
425,884,http://www.stowarzyszenie.com/
426,540,https://www.fundacja.net/
427,978,http://spoldzielnia.pl/
428,349,http://kolsut-ziegert.pl/
429,376,https://gabinety.pl/
430,371,http://www.tomzik-achtelik.pl/
431,202,http://www.megger-piesik.com/
432,988,https://www.fundacja.com/
433,588,https://stawczyk.com/
434,999,http://rejniak.pl/
435,632,http://stowarzyszenie.pl/
436,853,http://www.gabinety.com/
437,532,https://www.grupa.pl/
438,661,http://www.fundacja.com/
439,392,https://www.gabinety.com/
440,466,http://ppuh.pl/
441,968,http://spoldzielnia.net/
442,596,https://www.fundacja.com/
443,110,http://stowarzyszenie.com/
444,134,https://fpuh.pl/
445,355,http://www.fundacja.com/
446,686,http://grosz-wrochna.org/
447,308,http://fpuh.com/
448,562,https://www.zero.com/
449,820,https://waclaw-czopik.pl/
450,203,http://czopik.org/
451,770,https://www.idzi-dreszer.org/
452,812,http://gabinety.com/
453,993,https://www.kamyk.org/
454,246,http://pierchala.pl/
455,163,https://goral.net/
456,276,http://www.grupa.com/
457,228,http://www.bajak.pl/
458,854,https://czerniakiewicz-mijas.pl/
459,387,https://furgala-kara.pl/
460,799,http://ciula.pl/
461,378,http://ppuh.com/
462,497,http://www.szarpak-grodek.org/
463,453,http://kolber-kotlarek.pl/
464,532,https://fundacja.com/
465,564,https://grupa.org/
466,607,http://stanuch-warych.com/
467,964,http://www.stowarzyszenie.pl/
468,114,http://www.leonowicz-martyka.com/
469,299,http://spoldzielnia.pl/
470,574,http://stowarzyszenie.com/
471,198,https://jerzyk.pl/
472,355,http://hein.com/
473,336,https://fpuh.pl/
474,465,https://www.grupa.org/
475,413,http://spoldzielnia.org/
476,962,https://www.kregiel-stochmal.pl/
477,370,https://ppuh.pl/
478,210,http://spoldzielnia.org/
479,848,http://www.wrzesniak.org/
480,162,http://www.gabinety.pl/
481,491,https://stowarzyszenie.pl/
482,990,http://www.noculak-dominczak.com/
483,282,http://www.spoldzielnia.com/
484,571,https://www.spoldzielnia.com/
485,963,https://fundacja.com/
486,24,https://www.gabinety.com/
487,73,https://gabinety.com/
488,434,https://www.goska-erdmann.org/
489,277,http://www.stowarzyszenie.com/
490,945,https://fpuh.com/
491,270,https://swigon-ciesielka.com/
492,578,http://www.molek.pl/
493,162,https://piekacz-dyda.pl/
494,903,https://www.szpara-grygorowicz.pl/
495,552,http://www.gabinety.net/
496,45,http://www.majdan.com/
497,282,https://spoldzielnia.pl/
498,347,http://www.grupa.com/
499,855,https://www.fundacja.pl/
500,800,http://www.ppuh.com/
501,344,https://www.stowarzyszenie.com/
502,291,http://fundacja.org/
503,122,http://torbus.pl/
504,159,https://ppuh.org/
505,843,http://grupa.com/
506,177,https://myszor-smetek.pl/
507,623,http://beska-szczypek.com/
508,969,http://www.spoldzielnia.pl/
509,374,http://ppuh.net/
510,437,http://danilczuk.pl/
511,574,https://www.stowarzyszenie.com/
512,799,https://www.podgorny.org/
513,272,http://www.engler.org/
514,952,http://fundacja.net/
515,949,https://grupa.com/
516,821,https://www.grupa.pl/
517,272,http://www.stowarzyszenie.pl/
518,658,http://www.sadownik-melaniuk.pl/
519,615,http://www.fundacja.com/
520,952,https://www.leszczak.pl/
521,566,https://grupa.com/
522,46,https://ppuh.com/
523,868,http://www.stowarzyszenie.com/
524,285,https://www.dykas.com/
525,825,https://bryndza.pl/
526,248,https://spoldzielnia.org/
527,610,http://www.salomon.com/
528,206,http://www.fundacja.org/
529,271,https://www.grupa.pl/
530,802,https://www.fpuh.pl/
531,892,http://czerepak.pl/
532,969,https://stowarzyszenie.net/
533,622,http://snieg-kinal.net/
534,874,http://stowarzyszenie.com/
535,242,http://www.kidon.pl/
536,771,https://grupa.com/
537,297,http://www.fpuh.org/
538,256,http://organisciak-pasieczna.org/
539,348,https://www.ppuh.com/
540,876,https://www.stowarzyszenie.com/
541,521,https://spoldzielnia.pl/
542,880,https://www.grupa.pl/
543,513,http://gabinety.org/
544,292,https://majewicz-chwala.pl/
545,135,http://fpuh.pl/
546,331,http://www.klinkosz-cieplucha.com/
547,386,https://www.fundacja.pl/
548,862,https://gabinety.net/
549,499,https://gabinety.com/
550,216,https://stowarzyszenie.com/
551,203,https://fpuh.com/
552,896,https://stowarzyszenie.pl/
553,538,https://www.cyrek.com/
554,173,http://www.ppuh.org/
555,395,https://www.uryga.pl/
556,809,http://www.fpuh.pl/
557,902,https://grupa.com/
558,227,https://fundacja.pl/
559,583,http://krzyk-woroch.pl/
560,316,https://fpuh.pl/
561,949,https://www.ppuh.pl/
562,321,http://gabinety.com/
563,124,https://www.uzar-kolton.com/
564,189,https://www.fpuh.pl/
565,485,https://piascik-maleszka.pl/
566,833,http://piestrzeniewicz.com/
567,789,https://trabka.pl/
568,775,http://fundacja.pl/
569,693,https://ppuh.com/
570,110,https://www.grupa.com/
571,727,https://piegza.com/
572,865,https://www.ppuh.org/
573,420,http://ppuh.org/
574,988,https://jasnoch.pl/
575,728,https://pietryga.com/
576,622,http://gerlach-cyrulik.pl/
577,901,https://merchel-zieciak.net/
578,369,https://www.stowarzyszenie.pl/
579,938,http://hejduk.pl/
580,203,https://www.fpuh.pl/
581,897,https://fpuh.pl/
582,637,http://ppuh.pl/
583,111,https://peda-bialach.com/
584,897,https://grupa.pl/
585,987,https://www.bereda-krzyskow.com/
586,202,http://surdel.com/
587,126,http://www.cyganik-filusz.org/
588,993,http://www.ppuh.com/
589,739,http://www.stowarzyszenie.net/
590,959,http://stowarzyszenie.org/
591,431,https://www.fpuh.org/
592,619,http://www.fpuh.org/
593,537,http://fpuh.pl/
594,27,http://ppuh.net/
595,535,https://www.grupa.com/
596,198,http://www.such-nieradzik.com/
597,800,http://stowarzyszenie.com/
598,455,https://www.spoldzielnia.pl/
599,280,http://ppuh.pl/
600,613,https://ciak.com/
601,749,https://www.zolna-sierpien.net/
602,374,http://www.wlodyka-kawala.com/
603,100,http://szlapa.com/
604,280,https://www.gabinety.com/
605,963,https://stowarzyszenie.pl/
606,794,http://www.mikusek-danilczuk.net/
607,693,http://gabinety.com/
608,607,https://bugla.pl/
609,2,https://www.gabinety.org/
610,284,https://www.grupa.pl/
611,730,https://www.spoldzielnia.pl/
612,101,http://www.losiak.net/
613,554,https://www.dzialo.com/
614,690,http://www.gabinety.com/
615,388,http://spoldzielnia.pl/
616,968,https://ppuh.com/
617,381,https://spoldzielnia.net/
618,625,https://stowarzyszenie.net/
619,925,https://www.grupa.com/
620,170,https://grupa.net/
621,343,https://ciecko-przerwa.pl/
622,841,https://www.gabinety.org/
623,936,http://stowarzyszenie.pl/
624,287,http://www.calik.com/
625,7,http://www.bylina.com/
626,587,http://www.suchojad.pl/
627,860,https://grupa.pl/
628,557,http://www.grupa.net/
629,650,http://www.fundacja.pl/
630,968,https://grupa.pl/
631,703,http://spoldzielnia.com/
632,460,http://www.ochal.net/
633,560,http://www.ppuh.net/
634,849,http://pasiak-kwapien.pl/
635,875,https://koska.com/
636,764,http://spoldzielnia.com/
637,372,https://dawidek-bres.com/
638,445,http://ppuh.net/
639,353,https://grupa.pl/
640,349,https://www.grupa.com/
641,534,http://terka-megger.pl/
642,855,http://www.stowarzyszenie.net/
643,544,http://spoldzielnia.com/
644,836,http://www.jarczak-gasik.pl/
645,129,http://www.spoldzielnia.com/
646,463,http://tymczyszyn.com/
647,697,http://www.pasiut.pl/
648,276,http://fpuh.pl/
649,550,http://www.ppuh.pl/
650,733,http://www.bodych-wocial.com/
651,937,https://stowarzyszenie.pl/
652,873,https://www.ppuh.net/
653,80,https://www.grupa.pl/
654,671,http://www.fundacja.pl/
655,570,http://www.malon-kubek.com/
656,893,https://www.stowarzyszenie.com/
657,841,http://www.huczek.net/
658,575,http://www.mamcarz.com/
659,320,http://muc.pl/
660,595,http://www.procek-szczerek.com/
661,771,http://baczkiewicz-sznura.com/
662,392,http://broncel.pl/
663,59,https://pietrasiak.com/
664,1,http://stowarzyszenie.pl/
665,477,https://www.kafel-kuk.net/
666,211,https://grupa.pl/
667,832,http://fpuh.net/
668,718,https://fpuh.pl/
669,193,https://www.grupa.pl/
670,87,http://ufniarz.pl/
671,323,http://www.gabinety.com/
672,719,https://gabinety.com/
673,756,http://www.oleksiuk.pl/
674,224,https://www.ficon-matejczyk.com/
675,11,http://www.spoldzielnia.org/
676,338,http://www.grupa.com/
677,380,http://fpuh.com/
678,224,http://fpuh.com/
679,132,http://www.ppuh.com/
680,401,https://grupa.org/
681,805,https://www.pytlarz-pietrek.com/
682,815,http://www.spoldzielnia.com/
683,921,https://szlachcic.com/
684,330,http://grupa.pl/
685,255,http://www.fpuh.net/
686,164,https://www.fundacja.pl/
687,829,https://www.stowarzyszenie.org/
688,107,http://www.spoldzielnia.pl/
689,327,http://www.fpuh.pl/
690,962,https://www.fundacja.net/
691,846,https://www.kielek-abramczuk.pl/
692,679,http://www.gabinety.net/
693,344,https://www.ppuh.com/
694,163,https://www.ppuh.net/
695,138,https://fpuh.com/
696,892,http://grupa.pl/
697,397,http://fpuh.com/
698,984,http://www.fpuh.pl/
699,104,http://gabinety.pl/
700,457,http://www.fundacja.pl/
701,978,http://kuczak-kostorz.com/
702,557,http://www.fpuh.pl/
703,796,https://bres-dzieza.com/
704,339,http://wolodzko-piechna.pl/
705,689,https://fpuh.pl/
706,880,http://www.fpuh.org/
707,144,https://fundacja.com/
708,255,http://www.ppuh.org/
709,595,https://www.gabinety.com/
710,595,https://troka.net/
711,919,http://www.madejczyk-szyndler.org/
712,361,https://ppuh.net/
713,878,https://spoldzielnia.net/
714,558,http://www.milcarz.net/
715,943,http://stowarzyszenie.pl/
716,771,https://www.szaj-kowaluk.pl/
717,589,https://fpuh.pl/
718,929,http://gabinety.net/
719,685,http://www.grupa.pl/
720,582,https://www.borun.pl/
721,746,http://www.florian.pl/
722,701,https://www.grupa.net/
723,876,http://www.ppuh.com/
724,546,https://gabinety.com/
725,583,http://aleksa-mijas.pl/
726,252,http://ppuh.org/
727,994,https://fpuh.pl/
728,426,http://www.stowarzyszenie.pl/
729,371,https://stowarzyszenie.pl/
730,248,https://grupa.pl/
731,718,https://www.stowarzyszenie.pl/
732,316,http://www.hajdukiewicz-mlocek.com/
733,718,http://gabinety.net/
734,261,http://hermann-ziajka.pl/
735,497,http://www.gabinety.com/
736,984,http://www.folta-pszczolka.pl/
737,366,http://kuban.pl/
738,395,http://www.ppuh.com/
739,449,http://ppuh.pl/
740,136,https://kowaluk-sakwa.net/
741,612,http://www.rubaj-osiadacz.net/
742,823,https://ppuh.pl/
743,372,https://golas.org/
744,690,https://www.spoldzielnia.com/
745,478,http://grupa.pl/
746,352,http://www.molka.com/
747,984,https://www.stowarzyszenie.com/
748,623,https://www.feliniak-krauza.com/
749,96,http://www.dubik.com/
750,925,https://grupa.com/
751,738,http://josko.pl/
752,525,http://www.parkitna-roskosz.pl/
753,989,https://fpuh.pl/
754,906,https://gabinety.pl/
755,272,http://gabinety.com/
756,636,https://fundacja.org/
757,564,https://www.fpuh.pl/
758,897,http://www.stowarzyszenie.pl/
759,82,https://janke.com/
760,297,http://www.czulak.com/
761,198,http://gogol-maciocha.com/
762,218,http://fpuh.net/
763,41,http://drabczyk-saj.net/
764,980,http://www.grupa.com/
765,524,http://www.kornak.com/
766,423,http://www.grupa.com/
767,67,http://www.gabinety.pl/
768,951,http://adamiuk.pl/
769,97,http://spoldzielnia.com/
770,961,https://jenek-kosidlo.com/
771,363,http://www.grupa.com/
772,595,http://ppuh.pl/
773,954,http://jasionek.com/
774,554,https://wojsa-steinke.org/
775,465,https://wojtunik.com/
776,196,https://www.spoldzielnia.pl/
777,359,http://www.wojtiuk.pl/
778,764,http://www.wota-barczuk.pl/
779,554,https://roczniak.com/
780,678,https://kosciukiewicz-pyc.pl/
781,670,http://www.fundacja.pl/
782,167,https://fpuh.com/
783,762,https://www.spoldzielnia.pl/
784,322,https://www.grupa.com/
785,65,http://grupa.net/
786,862,https://stowarzyszenie.pl/
787,285,https://makosz.net/
788,956,https://www.grupa.pl/
789,252,http://www.gabinety.com/
790,414,http://gabinety.com/
791,539,https://gabinety.net/
792,429,http://palica.com/
793,705,https://www.fundacja.com/
794,200,https://stowarzyszenie.net/
795,280,http://fundacja.com/
796,882,https://www.grupa.com/
797,483,http://www.fpuh.pl/
798,334,http://www.fpuh.com/
799,221,https://kochman-kozok.pl/
800,977,https://www.gabinety.com/
801,874,http://fundacja.pl/
802,781,https://gabinety.pl/
803,268,https://www.karkut-wojs.pl/
804,321,http://www.pys.pl/
805,909,http://fundacja.com/
806,766,https://www.madura-golonko.com/
807,670,http://www.ppuh.com/
808,447,http://www.ppuh.com/
809,95,https://stowarzyszenie.org/
810,694,http://spoldzielnia.pl/
811,48,http://www.ppuh.com/
812,514,http://koscik-kraszkiewicz.com/
813,531,https://gabinety.net/
814,589,https://spoldzielnia.net/
815,707,https://www.osiadacz-steuer.pl/
816,914,http://ppuh.net/
817,988,http://www.ppuh.pl/
818,553,https://ochnik-ufniarz.com/
819,179,http://fundacja.com/
820,310,https://www.fundacja.com/
821,212,https://www.fundacja.com/
822,388,http://spoldzielnia.pl/
823,916,http://www.zyto.com/
824,720,http://www.ppuh.pl/
825,211,https://www.grupa.pl/
826,33,http://www.fundacja.com/
827,237,http://mucko.pl/
828,460,http://ppuh.org/
829,888,https://przewozna.net/
830,972,https://www.capiga.com/
831,136,https://www.andrejczuk-kutek.com/
832,723,https://www.fpuh.pl/
833,700,https://www.ppuh.com/
834,505,http://www.kryza.pl/
835,519,https://styrna.com/
836,928,http://spoldzielnia.com/
837,761,https://grupa.com/
838,355,http://otremba.com/
839,414,https://stark-gemza.pl/
840,639,https://orkisz-rzonca.net/
841,828,https://www.loska.com/
842,581,https://www.ppuh.pl/
843,992,https://fundacja.pl/
844,996,http://www.kloch.com/
845,339,https://www.fundacja.com/
846,706,https://www.chuchla.com/
847,628,http://ppuh.com/
848,36,http://ppuh.com/
849,750,http://www.spoldzielnia.org/
850,677,https://www.grupa.net/
851,140,https://turczyk.com/
852,243,https://www.ppuh.pl/
853,894,http://www.podpora-kiedrowicz.org/
854,329,http://www.ppuh.pl/
855,814,http://oleszko-markiel.pl/
856,543,http://www.szpyt.com/
857,590,http://www.feliksiak.net/
858,297,http://stowarzyszenie.com/
859,675,https://grupa.org/
860,57,http://www.grupa.com/
861,198,http://www.spoldzielnia.pl/
862,272,https://www.grupa.com/
863,139,https://www.fpuh.pl/
864,117,http://waluk.pl/
865,72,https://rzeszutko-kumorek.net/
866,853,http://www.stowarzyszenie.pl/
867,110,http://grupa.pl/
868,388,http://spoldzielnia.pl/
869,691,https://spoldzielnia.pl/
870,100,https://www.zugaj.com/
871,676,http://spoldzielnia.pl/
872,886,http://www.superson-lalak.pl/
873,440,http://grupa.org/
874,483,https://ppuh.org/
875,735,https://gabinety.pl/
876,731,https://www.fundacja.pl/
877,548,http://www.fpuh.org/
878,264,http://stowarzyszenie.pl/
879,440,https://www.spoldzielnia.com/
880,212,https://parkitny-orman.net/
881,714,https://jas-korzonek.com/
882,579,http://www.pasztaleniec-forysiak.pl/
883,603,https://kazek-tyka.com/
884,732,http://przekwas.pl/
885,101,http://gradek-zyto.pl/
886,308,http://drobniak.com/
887,562,https://grupa.pl/
888,769,https://ruman.net/
889,728,https://gabinety.pl/
890,147,http://wiewiorka-hirsch.pl/
891,499,https://wosiak-majak.com/
892,215,https://www.ppuh.com/
893,157,https://bartela-bos.pl/
894,269,https://fpuh.com/
895,797,http://stowarzyszenie.com/
896,630,https://fpuh.com/
897,494,https://www.gabinety.pl/
898,239,http://spoldzielnia.com/
899,693,http://www.spoldzielnia.pl/
900,419,https://fpuh.org/
901,157,http://www.ppuh.pl/
902,861,https://fundacja.pl/
903,512,https://ppuh.com/
904,806,https://fpuh.com/
905,54,http://demianczuk.com/
906,190,http://www.ppuh.com/
907,97,https://www.spoldzielnia.com/
908,995,https://fpuh.org/
909,482,http://czupryn-wichlacz.com/
910,270,http://gabinety.pl/
911,952,http://www.gabinety.com/
912,266,http://ppuh.pl/
913,799,http://www.gabinety.net/
914,585,https://www.fundacja.pl/
915,351,https://www.fundacja.pl/
916,116,https://www.fpuh.pl/
917,35,http://spoldzielnia.com/
918,872,https://www.gmur-wawrzonek.net/
919,708,https://ligenza.com/
920,718,https://spoldzielnia.org/
921,392,http://gozdur-hyzy.pl/
922,225,https://nalewajko.com/
923,581,https://spoldzielnia.com/
924,56,http://henke-wojt.org/
925,667,http://leszcz.com/
926,59,http://pasich.pl/
927,696,http://gabinety.pl/
928,691,http://czubaszek-kycia.org/
929,707,https://rubacha-stanislawczyk.com/
930,107,https://www.ppuh.pl/
931,981,http://www.fpuh.pl/
932,203,https://www.spoldzielnia.com/
933,314,https://www.godzwon-jalowiec.net/
934,172,https://grupa.net/
935,510,https://www.ppuh.org/
936,62,http://www.fundacja.pl/
937,655,https://gabinety.pl/
938,353,http://zolnierczyk-szwalek.com/
939,937,http://spoldzielnia.com/
940,704,http://spoldzielnia.com/
941,656,http://www.ppuh.com/
942,415,http://www.fundacja.com/
943,701,https://www.fundacja.com/
944,716,https://www.fundacja.pl/
945,566,http://www.bzdziuch.com/
946,940,https://fpuh.com/
947,420,http://www.spoldzielnia.com/
948,347,http://www.grupa.pl/
949,795,http://www.betlej-piascik.net/
950,678,http://www.fpuh.com/
951,168,https://www.gregorowicz.com/
952,984,https://stowarzyszenie.pl/
953,533,http://switaj.com/
954,979,https://spoldzielnia.pl/
955,208,https://gnyp-wawrzyn.pl/
956,687,http://spoldzielnia.pl/
957,847,http://www.gabinety.pl/
958,920,http://troka.net/
959,414,https://www.stowarzyszenie.org/
960,564,http://www.grupa.com/
961,222,http://stowarzyszenie.com/
962,234,https://www.lapot.com/
963,567,http://stowarzyszenie.pl/
964,181,http://fpuh.net/
965,978,https://www.oczkowicz.net/
966,230,https://radziewicz.net/
967,576,http://www.gabinety.pl/
968,174,http://wladyka.pl/
969,759,http://www.gabinety.com/
970,945,https://gabinety.com/
971,103,http://brejnak.pl/
972,773,http://www.wajdzik.pl/
973,939,https://gabinety.pl/
974,299,http://www.grupa.pl/
975,367,https://dobosiewicz-ciesielka.net/
976,884,http://helak.pl/
977,707,http://kuszyk-jezyna.pl/
978,301,https://granat-rut.pl/
979,283,http://fpuh.com/
980,501,https://spoldzielnia.pl/
981,805,https://stowarzyszenie.com/
982,636,http://stowarzyszenie.pl/
983,597,http://www.fundacja.com/
984,838,https://mich-kochel.com/
985,569,https://grupa.org/
986,352,https://www.kunda.pl/
987,129,https://fundacja.pl/
988,195,https://spoldzielnia.com/
989,406,http://www.grupa.org/
990,610,https://spoldzielnia.pl/
991,395,https://www.preuss.net/
992,968,https://www.gabinety.org/
993,134,http://www.ppuh.net/
994,429,http://www.ppuh.com/
995,521,https://www.kwinta-parkitna.org/
996,32,https://spoldzielnia.com/
997,97,https://grupa.pl/
998,709,https://grupa.org/
