,Email,Password,FirstName,LastName,Address,City,Country
0,malwinaletkiewicz@example.net,&2RP_w4!wX,Olgierd,Piwowarek,"ulica Czereśniowa 53
93-257 Piaseczno",Będzin,San Marino
1,sajjulita@example.com,p0KDNhNg%y,Artur,Leoniuk,"pl. Sarnia 532
99-329 Oława",Ostrów Mazowiecka,Moldova
2,ytalaska@example.net,&Yt0E4t5Ui,Lidia,Starostka,"ulica Borowa 27/76
12-666 Żary",Legionowo,Saudi Arabia
3,sebastianglegola@example.net,8o7@yXqkr$,Mieszko,Małycha,"plac Grabowa 52
76-169 Ciechanów",Ełk,Bangladesh
4,vrozum@example.com,5#LfgLtK_3,Gustaw,Owczarczak,"al. Swierkowa 92
76-524 Sopot",Tomaszów Mazowiecki,Malaysia
5,sidorczukdorota@example.com,)al7MRIrM2,Kamil,Stąpór,"aleja Bankowa 68/68
50-735 Wejherowo",Koło,Algeria
6,franciszek31@example.org,^MQYURjG25,Krystian,Kielczyk,"ul. Konarskiego 88/76
29-880 Bytom",Zawiercie,Suriname
7,emilczak@example.org,S*H9vSMltU,Marika,Labocha,"pl. Orkana 97/86
83-836 Kętrzyn",Opole,Belize
8,ada21@example.org,&Ap5DqVs2H,Aleksander,Węgrzyk,"aleja Traugutta 203
15-135 Kościan",Jarocin,Finland
