,SubjectID,TeacherID,MeetingName,MeetingPrice,MeetingDate,MeetingDuration,TranslatorID,LanguageID
0,9,82,Balanced high-level hardware,400,2025-01-13,1985-10-23 07:24:32,43,13
1,81,91,Digitized optimizing knowledge user,900,2025-01-18,1985-11-08 08:20:05,79,31
2,31,92,Multi-channeled mission-critical functionalities,400,2025-01-19,1989-11-16 05:37:32,3,56
3,17,64,Inverse mobile help-desk,300,2025-01-13,1998-05-13 18:13:22,37,8
4,32,53,Inverse optimal knowledge user,1000,2025-01-18,1971-09-26 12:11:51,61,89
5,61,32,Focused client-driven projection,900,2025-01-08,1979-12-02 01:43:46,86,42
6,40,96,Organic coherent alliance,900,2025-01-15,2020-12-26 16:23:19,99,99
7,21,64,Proactive encompassing policy,200,2025-01-01,2015-03-24 12:16:51,77,10
8,94,4,Seamless maximized alliance,900,2025-01-17,1974-02-20 07:55:38,74,61
