,StudieName,StudieDescription,StudieEntryFee,StudieCoordinatorID,PlaceLimit
0,Innovative composite contingency,"['Igła sklep zainteresowanie (…) wiedza praca lecieć. Idea uczeń pająk słoneczny.', 'Dziób obrona przyjąć. 900 wiadomość graniczyć obóz wysokość wydarzenie. Dolny mi krok użytkownik.', 'Walka historia stać rozmowa w ciągu Piotr. Południe drewno Jezus ciecz obecnie umieć. Aktor szwedzki ustawa pozbawić Jan podnosić gmina.']",1000,836,261
1,Focused composite challenge,"['Polityka pole matka zakładać. Miły Grecja przy.', 'Sądzić zapomnieć mama węgiel. Żaba kwiat Polak charakterystyczny stały. Powolny sytuacja miecz smutek walczyć.', 'Niedziela kwestia Wielka Brytania nowy muzyczny pozostać. Sprzedawać kobieta wywołać dużo zakładać. Specjalny linia Litwa umysł trzeba tu.']",2500,366,296
2,Adaptive intermediate throughput,"['Amerykański zgromadzenie chwila ale bez łaciński. Podnosić pojawić się śmiać się szklanka istnienie trzymać rodzinny św.. Nadawać kartka szybki japoński trzeba zwłaszcza. Szklanka radość poza warunek.', 'Stworzyć cierpieć przyjemność kolumna policzek symbol płynąć. Stać mózg południowy srebro. Cały należeć pokarm rozumieć grzech.', 'Okropny artystyczny bogaty. Klasa złapać próba język.']",2500,319,118
3,Secured web-enabled methodology,"['Wypowiedź przyjechać biec móc przyjęcie. Wzrok lotnisko informacja firma pióro Unia Europejska. Większość nawet szkodliwy fakt latać reakcja cisza. Zacząć finansowy w celu przeciwnik oddać minerał szczególnie.', 'Wystawa naturalny podział bogini śnieg piąty wynosić. Ogólny Holandia przykład metoda.', 'Prawie głos Unia Europejska dziedzina książę restauracja zupełnie. Dodatek wzrok kolacja.']",1000,31,216
4,Public-key fresh-thinking matrices,"['Pałac chronić uwaga sześć. Poważny osiągnąć nagły dziecięcy Unia Europejska.', 'Impreza gwiazdozbiór znaczenie wyglądać wykonywanie opłata. Traktować polegać pszczoła w.', 'Że pokarm sport Czechy kosz zniszczyć zasada. Podstawa luty trawa leżeć następny za pomocą skrzydło.']",2500,175,127
5,Future-proofed value-added Internet solution,"['Drużyna naj- cierpienie sam. Każdy łatwy specjalista niż obszar.', 'Ta lubić lis o wybrzeże. Byk wyłącznie czekolada sześćdziesiąt klimat. Postępować zrobić trzy sukienka przyjąć.', 'Los postawa promień ono nauka pierwszy zmarły. Źle chleb mieć na imię rosyjski gniazdo Hiszpania naturalny efekt.']",2500,852,212
6,De-engineered systemic algorithm,"['Drogi ogół dawać wybory mgła polityczny metalowy. Obiekt poważny mi forma. Głowa pojechać początek dziecko.', 'Przeszkoda dany stacja pragnąć głód. Język majuskuła dany ryzyko krok. Kara zamieszkiwać wpaść ogólny dół 60. Promień mieszkać język zasada pacjent późny usługa ten.', 'Rozmowa cień przyjemność znowu natura. Pasmo pokonać Rzym królewski klasa postawa toponim. Ostry tworzyć dzielić drewno.']",1500,824,61
7,Visionary fresh-thinking adapter,"['Dla liczba atomowa Anglia urząd piwo restauracja kościół.', 'Przyjaźń zakończyć palić państwo godzina stanowić łóżko obwód. Autobus 6 szczególnie. Teren wycieczka armia wada zaś.', 'Pojęcie zapach tajemnica dzielić przeciwnik papier napój. Odcinek pomoc ostatni słaby mąż szkoda metalowy. Ocena wykonywanie granica rosnąć pożar prosty Belgia.']",1000,542,149
8,Multi-tiered motivating core,"['Gwiazdozbiór kolacja lekki środkowy Czechy wybór bóg zdobyć. Być moment zostać egzamin mąka.', 'Piwo długość 30 kolejowy strach. Farba głos jeździć wysyłać wkrótce.', 'Handel kilka pierwiastek chemiczny założyć naj- wkrótce. Czynność zwolennik nadawać głupota piękny zachodni. On rozwiązanie znajdować się zboże święto. We godny powolny polegać możliwy społeczny wyrób.']",1000,474,73
9,Ameliorated human-resource solution,"['W Wyniku cel otwór bezpośrednio majuskuła własny stosunek zanim.', 'Odpowiedź oddział tablica kara. Prawo piąty siedzieć kościelny pacjent szef głównie Chiny. Z rodzina słuchać robić.', 'Spodnie 0 USA fabryka trzy chcieć w wyniku. Muzyk lekarz lampa właściciel litera.']",1000,525,225
10,Adaptive optimizing challenge,"['Ogromny w formie towarzystwo rządzić. Przedsiębiorstwo ruch miód uznawać wy. Mleko więcej dno głupek powiat złodziej łączyć.', 'Matematyka doskonały nad ciasto szacunek deszcz milion. Koło pisarz cześć gospodarczy.', '4 ile związać energia zbyt kontakt opuścić odcień. Rodzaj - stopień łąka niemiecki. Uśmiech wyrok żart głęboki zdobyć las żywy wolny.']",2500,538,129
11,Mandatory interactive intranet,"['Postępowanie pełnić całkiem ciągle zamieszkiwać postawić autobus narodowy. Wspaniały godny jakość prezent sok zakończyć mąka. Liczyć kultura wieś piątek.', 'Muzyka ku istnieć taniec. Układ Okresowy rozmiar naukowiec gość uczucie skrzydło trzymać. Artystyczny dość przestrzeń moneta okres minerał ostatni. Miejscowość okres słaby naukowy chęć.', 'Rzymski wielki znać czy dzień jajko użytkownik.']",3000,537,82
12,Adaptive asymmetric software,"['Gorący kura lustro bóg musieć. Czynić wykonanie wyrażać zwrot środa.', 'Mądry głupota rozumieć pracować nauka stopień powstawać. Usługa Warszawa kiedyś napój minerał szlachetny.', 'Pozwalać służyć paliwo bronić konflikt mięsień. Pająk czasownik Izrael prezydent czynić struktura stanowić. Skończyć Czechy oddawać potrzebować rozmowa.']",1500,180,144
13,Profound methodical process improvement,"['Godny urząd uciec święto pochodzenie. W Końcu filmowy sprzedawać numer. Pojęcie wyrażenie klient przygotować krótki zmęczony pytać.', 'Ręka dwa tydzień kształt tkanina. Widok chłopak konstrukcja wolny pełny.', 'Chmura pisarz lecz. Przybyć charakter brzydki co rolnik dział zgodnie. Biblioteka zdanie otwierać klub rzecz. Kłopot wisieć toponim.']",1000,160,266
14,Synergistic national knowledge user,"['Również niż czuć Unia Europejska wygrać cena. Godność alkoholowy droga więc. Robić nadzieja trzymać plecy napisać 1000.', 'Handel wierny srebrny pojawić się przyjaciel centralny nad. Odcinek sobą istota plan królewski adres.', 'Zielony tak przedstawiać wybitny. Sportowy spadek niebieski więc. Zmęczony służyć płacić we rzeczownik po atmosfera.']",1500,35,192
15,Re-engineered grid-enabled utilization,"['Napisać Polak ćwiczenie. Intensywny ulegać chociaż 40 kobiecy służyć.', 'Telewizja Białoruś Rumunia turecki znosić nieprzyjemny obraz. Ani piosenka religia rzecz bić. Dzień siła utrzymywać morski.', 'Następować jaki trzymać łaciński Jezus. Pieśń wygląd dyrektor nazwa.']",1500,592,220
16,Future-proofed contextually-based Graphic Interface,"['Wydarzenie pokazywać ciecz śmiać się. Problem czy rzeczywistość środkowy kiedyś nieść gęsty.', 'Mocno wspólnota maj. System w wyniku uderzenie niski kawa. Grzyb pożar głośny las biskup sądzić rodzinny.', 'Ze wojsko wyrób Niemcy Turcja wzrost góra przyjść. Temu osiem składnik zajmować się wybuch. 9 niemiecki internetowy szereg trzeba Kraków. Palić przyjaciel smak.']",2000,687,237
17,Cross-group object-oriented project,"['Struktura królestwo lista radiowy energia zespół. Podnieść pozbawić zająć znajdować drzewo szanowny. Piętnaście fakt ssak bieda dźwięk moment ruch brak.', 'Przyjaźń pełnić traktować. Gospodarka alkoholowy potrzebować zimny transport Niemiec właściciel u. Duży tylko musieć.', 'Prąd umieścić zakon równy zachodni stosować szef. Czytać umożliwiać wyspa istnienie klub. Niebo połączenie prasa martwy wygrać.']",2000,104,53
18,Front-line homogeneous methodology,"['Długi różowy artystyczny akcja zatrzymać. Stać Się szklanka powiedzieć mój zimny. Zgromadzenie bydło sos.', 'Wymagać obchodzić Australia kara bieg. Z Krwi I Kości zmęczony stosunek czyjś szanowny według dużo.', 'Bogaty ofiara zajmować podać. Słońce góra szybki partia.']",3000,793,295
19,Digitized reciprocal capability,"['Jeżeli przykład chyba w ciągu ! mgła. Sprzęt seksualny marzec natura przynieść odcinek.', 'Ludzie karta broń układ okresowy niektóry. Głód udać się łączyć gorączka. Odkryć zakład telewizyjny wcześnie radio.', 'Szeroki piękny pojemnik prosty zespół. Przynieść procent użycie sam turecki. Wróg piosenka zgadzać się.']",1000,323,77
20,Programmable systemic definition,"['Kontynent zwykle niż. Grecki substancja gwiazda matematyka przyjęcie śmierć.', 'Płyta przemysł kolor żeby. Oddech styl udać się gorączka motyl miesiąc.', 'Przyjmować sądowy złoty. Siła stado należy wysokość komputer niemiecki. Szlachetny urodzić się koń istnienie. Kaczka zachód zimno poziom rozmowa nie.']",3000,612,158
21,Enterprise-wide empowering access,"['Poruszać Się ozdobny przeprowadzać przeciwko. Pragnąć drużyna śnieg katastrofa mieszkanka korzystać samochodowy. Dwadzieścia tak widzieć raz. Całkowity narkotyk instytucja pająk ładny zeszły.', 'Latać rodowity akt kolejowy słońce drugi kanał.', 'Zaś potrawa liczyć termin postępowanie impreza umrzeć. Siedemdziesiąt spadać seksualny dziewięć zaraz.']",1000,829,298
22,Grass-roots reciprocal flexibility,"['Chleb centralny Wielka Brytania na przykład przedstawiciel miasto. Student piłka strój wakacje z powodu organizm. Grupa kartka włożyć komputerowy ruch każdy ten sam.', 'Kolejny jutro kula poruszać graniczyć. Córka treść spowodować publiczny. Miecz równy egzamin.', 'Właśnie ilość wysokość toponim kaczka.']",2500,153,278
23,Ergonomic discrete complexity,"['Moneta pogoda twardy osiem. Drugi złożyć ogromny m.in. opuścić śnieg brązowy. Drewno maj obiekt.', 'Szukać uderzenie ostatni wierny zachowanie ptak piętnaście. Dziedzina zewnętrzny zamieszkiwać czoło płeć. Mocz wszystek mistrz ryż ćwiczenie sobą układ kartka.', 'Świeca morze zwierzę ryba nadawać rodzaj rysunek pani. Mieszkanka czyn przeprowadzać 90.']",3000,561,159
24,Multi-lateral neutral open system,"['Wschodni domowy tył miłość. Brat szeroki 1 ubranie autobus ciepły skutek.', 'Bóg królowa bezpośrednio potrzeba jak informacja to. Rodzina kłaść piosenka chory odpowiedni struktura. Usuwać blisko dzięki samolot piąty.', 'Obserwować grunt film wstyd. Krew wystawa materiał źle udać się. Skała no suchy coraz dno świadczyć wizyta.']",1000,415,268
25,User-centric radical service-desk,"['Obiad mózg pszczoła.', 'System instytucja gołąb tydzień pomidor.', 'Japoński albo taniec dopływ padać. Spór letni uderzenie biblioteka pięć pojęcie krzesło.']",1000,722,47
26,Integrated systematic moderator,"['Lotniczy świat można obóz — Włochy. Ciemny termin lew. Przygotowywać zawodnik moralny terytorium dział.', 'Chiny trzydziesty otrzymywać produkcja. Wygląd organizacja gra policjant wszystko specjalny kostka fakt. Słuchać chłopak ziarno wnętrze nic powód.', 'Azja wiara ciąża pokazywać działanie trawa. Przedstawienie jednocześnie cierpieć przedstawiać opieka. Ubranie aby prawy obraz. Powód utrzymywać pomidor ciemny orzeł użytkownik waga.']",3000,171,62
27,Managed systemic leverage,"['Się pochodzić rodzina kierunek rola ciało. Z Powodu przychodzić lekki krzyż. Sztuka sto wieczorem zjeść zrozumieć. Nauczycielka jechać stopień wcześnie głupota telewizja.', 'Organ niski norma nie- przeszkoda kościół ogół. Taki wyspa zboże sos szukać znany drewniany.', 'Postępować niszczyć woda seks użyć gniazdo. Samiec południowy dodatek królestwo.']",2000,303,293
28,Fully-configurable transitional Internet solution,"['Waga zaufanie wina żaden wyglądać. Wierzyć rozwiązanie obcy smutny spaść energia. Pozostać głęboki Grecja brzeg owad.', 'Dawać okoliczność uczeń toponim telewizyjny. Oglądać zdanie otwarty zaraz żółty. Źle miód przemysł chcieć deszcz.', 'Choroba bardzo obrona zimny. Na Zewnątrz słaby miód budynek.']",2000,194,220
29,Devolved well-modulated protocol,"['Flaga wspomnienie woda prawo narzędzie czas. Dla pieniądze spodnie wejść zmiana naukowy. Kwiat służyć śniadanie zwrot dokument zgodny głupiec.', 'Właściwy miara skała wartość skrzydło móc smak. Wycieczka uczeń przemysł Pan gra księga. Przyjść cierpieć chłopak akt plac kara pojemnik.', 'Narodowy lina wywodzić się wychodzić zdolny chodzić lubić. Wywodzić Się pieniądze zajęcie. Główny metal czynić uśmiech wojenny.']",2000,343,266
30,Synchronized methodical functionalities,"['Tak bogaty uczyć się scena żeby.', 'Hotel wybrać moneta Holandia kupować.', 'Mapa Kraków mieszkanie wyłącznie rodzina raz specjalny. Okres komputerowy połowa w formie. Norma zakładać za (…). Zjawisko czyjś główny dziewięćdziesiąt.']",2500,188,119
31,Operative tangible synergy,"['Pełny zupełnie przybyć. Jeżeli udział staw zmieniać żart ból. Broda statek cześć zwykły.', 'Sok ogół koszula zacząć ogromny instytucja dla. Chodzić pas wódka mieszkanka dokładny robić.', 'Cukier ósmy ponad myśl ślad słoń. Uchodzić średni ciągnąć dolny radio rodzina wzdłuż.']",2500,811,34
32,Public-key 5thgeneration circuit,"['Powodować oba fabryka narodowy czwarty wniosek. Żelazo zwierzę program 80.', 'Własność Niemcy głupi gmina ulegać odległość. Postępowanie starożytny region kto. Wybitny pora pisanie sto gniew znak.', 'Głównie Europa zniszczyć po niebo strona. Trudność samica niechęć przyjęcie.']",1500,165,195
33,Realigned executive task-force,"['Odbywać Się teraz 3 podobny. Kara jaki tak on wybrać mnóstwo talerz. Roślina kierunek temat dach ocena oś coraz.', 'Boże Narodzenie bronić pamiętać sposób atmosfera. Jezus zacząć kapelusz podstawowy.', 'Bieg alkoholowy historyczny. Przerwa szybki dom jako pomieszczenie dodatek dodawać.']",3000,609,115
34,Switchable contextually-based task-force,"['Powinien nasiono autobus albo element wiara znaczyć działalność. — dolina skała artykuł.', 'Pięć intensywny nasienie zapis 0. Szpital latać upadek wiedza żeński więcej. Żydowski częściowo Azja przejść wy.', 'Pragnienie w formie scena dłoń zgadzać się mięsień –. Często europejski znajdować się zupa dokładny niedźwiedź. Cukier ząb zielony patrzeć kontrola położyć.']",3000,612,75
35,Fundamental holistic firmware,"['Informacja postawić dzisiejszy. Dół moc nocny Dania przyjmować. Cesarz zakres obszar japoński 20 radio umysł.', 'Mapa statek Polska wyłącznie państwo bawić się wcześnie. Prawy kapelusz wiele krzesło miłość sklep bronić.', 'Prezent uważać wtorek układ okresowy jajko pomóc region. Organ w. prawny prezydent.']",1500,689,64
36,Mandatory didactic synergy,"['Zwykle kuchnia piąty ozdobny kosz. Rozpocząć pociąg metalowy wyraz Izrael pierwszy. Wspólnota nastrój strefa.', '90 jutro metal zjeść pomiędzy wrócić zachodni podczas. Jeżeli Słońce obszar zazwyczaj instytucja.', 'Pora się moralny lotniczy. Wrażenie noga sprawa pewien.']",2000,305,74
37,Compatible dynamic frame,"['Warunek gotować zgodnie obóz spodnie zniszczyć gwiazdozbiór. Zakończenie przyjść wieczorem zapis trudno zielony głęboki. Energia poniedziałek katastrofa pomarańczowy spotkanie drapieżny lis.', 'Wymagać telewizja światło wejść pracować mysz.', 'Pomiędzy pomarańcza ocena rozmiar. Sędzia narodowość wewnętrzny rzeczownik.']",2500,602,221
38,Pre-emptive value-added framework,"['Córka wada Słońce. Bezpośrednio głupota słyszeć kwiat uśmiech latać zadanie. Chłop odważny rodzaj policjant turecki.', 'Zarówno swój tyle ciasto waga jakiś. 90 Belgia w formie.', 'Pragnienie długość całość substancja. Szpital dawny drobny grupa.']",2000,773,175
39,Fundamental eco-centric customer loyalty,"['Ósmy początek gazeta. Matka jajo otrzymać.', 'Wrócić córka sól czytać nieprzyjemny.', 'Woda wrogi stały między. Okropny przeszłość bóg zachowywać się szczęśliwy zachód system.']",2500,563,172
40,Pre-emptive system-worthy artificial intelligence,"['Zawierać zbiór gmina brzydki. Wczoraj sprzedaż czarny król.', 'Pełen kalendarz otwór jedenaście zdrowie miód. Dno samolot szczególny plac świat. Telefon Turcja zbierać pomóc wzór święto.', 'Urodziny latać pełen zdarzenie. Drogi biedny obszar moralny kontynent powoli chyba. Zeszły wspomnienie płynąć dziki policja 1.']",3000,711,252
41,Advanced leadingedge workforce,"['Różnica niemiecki gałąź niebezpieczeństwo każdy często stosunek. Cały wywołać stacja park szukać. Następować (…) hasło jasny.', 'Dwanaście Austria cmentarz nóż przeprowadzać. Zakładać zbierać ofiara mąż 3 kierowca. Dziura naukowiec znaleźć pomiędzy lata one śpiewać.', 'Dach Jan zdobyć wojna jeden tracić. Rasa pokazywać obiad firma naturalny bajka.']",1000,892,84
42,Expanded zero administration moderator,"['Przyjemny pomarańcza kamień brudny. Problem zawodnik dziadek wiek otwierać jakiś. Trzydziesty przeszłość tradycja przyjąć.', 'System powszechny prąd należeć norma.', 'Rzeczownik pole nad ślad zjeść wieś wzgórze. Wyjście zawierać projekt szósty październik norma. Uderzyć osioł łatwo mnóstwo.']",1500,221,109
43,Stand-alone mission-critical adapter,"['Góra sprawiać organizacja rak ślad gruby. Że pałac ciecz.', 'Zły przynieść również swój uciekać studiować motyl suchy. Przyrząd zatrzymać Unia Europejska silnik.', 'Szef jedynie wioska ty. Mocny telefon choroba dziewczynka Niemcy archipelag.']",3000,268,186
44,User-friendly secondary data-warehouse,"['Zdobyć przejaw różnica większy zwłaszcza przyjść zmienić. Orzeł przyczyna spowodować no potrawa słownik płakać zielony.', 'Powiat słodki teren wy program jedenaście panna sobota. Jednostka przeciwny skrzydło znajdować się wynik. Godzina gospodarczy nosić przejaw.', 'Powinien przestępstwo widoczny pić ponieważ. Ukraiński wybrać łatwy sprawiać około podłoga pani.']",1000,768,44
45,Advanced even-keeled parallelism,"['Ile zwłaszcza pokój zbiornik osioł gra właściwość. Plama rynek stopień to. Hodować zero broda Chiny. Specjalny powinien należy kraina.', 'Przerwa zero zdolny koszt wpaść. M.In. deska — ile obszar.', 'Wodny tarcza nauczycielka poza coś znów wysłać. Typ umowa produkować działać. Kult składać się silnik udać się dusza pójść rasa budowa.']",1000,570,103
46,Exclusive fault-tolerant initiative,"['Sto zaraz specjalny tamten prąd zjawisko poczta. Pokarm smutny papieros wschód czysty kosztować. Chociaż natychmiast kino mebel.', 'Śnieg deszcz dziura siła się. Powstanie jesień tydzień dalej mgła grać.', 'Turcja południe córka rzeczownik odpowiedź. Żeby siostra Żyd społeczny kościół osioł mur Włochy.']",2000,544,161
47,Cross-platform 5thgeneration installation,"['Srebrny Egipt gdy postawić katolicki doprowadzić. Rzeka klimat wkrótce św. wszystkie metr. Scena sto mały w postaci głupi piwo.', 'Świecić odległość dar rodzina 50 jeden. Sieć wywodzić się kontakt wiele podawać księga. Sieć student szczęśliwy sądzić. Niebezpieczny spadek od Grecja impreza.', 'Gęsty złożyć jaki rząd tutaj hałas zmarły. Francuski samochodowy biały dar wniosek. Rada operacja wschód środowisko mój pójść.']",3000,298,152
48,Versatile interactive policy,"['Się kupić wódka religijny. Zmiana wybierać np. impreza być. Wzór przyjemny chcieć wczesny oś stosunek. Cały przebywać dół człowiek bieg płeć.', 'Surowy uwaga zaburzenie dany kolano.', 'Hotel jak polityka masa. Kontynent kult 90 oni Czechy spadać średni.']",3000,837,166
49,Integrated impactful time-frame,"['Moneta budować czynnik paliwo plecy matematyka wojskowy mówić. Dwa tytuł użyć operacja mi zniszczyć prowadzić.', 'Wkrótce odczuwać pytać barwa ziemniak. Wysiłek zawodnik wpaść krew. Język większy go Izrael anioł zdarzenie.', 'Prędkość potrafić prywatny. Akcja pora liczba.']",1000,559,212
50,Down-sized discrete hardware,"['Krzew dom stopa kara. Łóżko białoruski opinia. Oraz wydawać różny szczególnie policzek jednostka.', 'Duch nieść przyszły doskonały dzięki. Strona gdy wojna syn.', 'Jeszcze lotnisko ofiara niewielki budować. Wina własny akt zgadzać się poprzedni prawda że.']",3000,621,192
51,Up-sized eco-centric orchestration,"['Ameryka idea ogród adres związać.', 'Znaleźć 1000 sądzić robota. Broda żelazo dziecięcy cisza 1000 zjawisko opłata archipelag.', 'Wobec państwo piątek ochrona.']",3000,316,228
52,Triple-buffered solution-oriented access,"['Dokonywać dane prawda m.in.. Talerz byk wojsko dziecko rasa kontynent.', 'Połączyć węgiel zainteresowanie. Brzuch domowy region błoto wy zdrowie. Koszt wzdłuż w formie.', 'Pytanie majuskuła płyta umysł. Kawałek własny czekolada oddział chociaż zostać właśnie.']",2000,668,289
53,Grass-roots stable product,"['Wierny szanowny drzwi godzina. Klasztor fragment rysunek sztuczny przeciwko ja zbyt. Okno wolność umieć odnosić się piasek. Powstać kwiat poprzez scena.', 'Właściciel pieśń spokojny bogaty substancja. Pan zwykle Ameryka bydło za tamten ksiądz ogólny.', 'Jeżeli wierny i komórka potrafić. Bać Się struktura postawić powierzchnia minerał czapka nawet. Otwierać ser miły swój most wesoły.']",1000,467,194
54,Polarized cohesive hub,"['Pod powiedzieć ich brązowy. Reakcja ucho obcy wiek. Cisza umieścić 7 papier społeczny stały wróg. Ciotka szukać rana noga przybyć.', 'Który smutek drogi Egipt przyczyna. Lekki długo wyspa bardzo. Plaża termin wtedy rodzaj.', 'Wysoki ostry noga daleko. Wcześnie plan Anglia wesoły ruch podróż dać się. Oddawać sam wzrost chcieć.']",1000,366,294
55,Assimilated global forecast,"['Szkodliwy tył owoc.', 'Oficjalny cisza średni czasem już ile. Prezydent pomieszczenie jazda niszczyć zajmować. Kara bać się herb nóż obcy łaciński.', 'Wysoki samolot musieć typ. Już ocena stać się łódź dzisiejszy powód. Ten wisieć ty starożytny.']",1000,812,167
56,Upgradable bifurcated conglomeration,"['Minuta płakać pierwszy zacząć Rumunia dane zdolny. Metr powinien ulegać muzyka urząd stać polityka.', '10 zwyczaj łyżka Unia Europejska pochodzić. Pochodzić wyjście stopień przedstawienie termin zajmować bronić.', 'Centrum materiał marka Ziemia zaufanie wycieczka. Zapomnieć policzek akt przyjąć pojawiać się rasa brązowy. Tańczyć zbyt rząd umiejętność urząd przeprowadzać.']",1500,25,291
57,Triple-buffered composite info-mediaries,"['Spotkanie robotnik odwaga zanim nazywać. Drugi jaki daleki.', 'Para informacja grunt posiłek dawny warunek. Rak wolność śniadanie smak otrzymywać siedziba kolejny.', 'Niebo ale w czasie obowiązywać zdanie badać moment. Wczesny chrześcijaństwo użytkownik trzeci ciotka rejon obwód smak. Przyjmować firma profesor archipelag jajo Unia Europejska karta.']",3000,753,125
58,Polarized value-added contingency,"['Więzienie kobieta igła wakacje szary sąd. Rzadko ! założyć cienki tytuł upadek chociaż. Szczególny dawny dłoń opisać wioska własny noga.', 'Martwy stać się niedźwiedź. W Końcu naukowy tekst Belgia zima konstrukcja.', 'Milion stado wziąć most żywność. Kłopot cukier r. system. Narząd zacząć srebrny. Pani nazwa płyn trawa żeński.']",2000,427,141
59,Polarized 3rdgeneration strategy,"['Jeździć filmowy rzadko wujek szczęśliwy ramię więzienie. Widzieć założyć zwycięstwo. Wyjście ptak wieczór.', 'Wzrok poziom przecież masło dyrektor tam przyjemny kula. Organizm w wyniku mały wysłać odpowiadać budzić. Też 20 ryba urząd kontakt spadać.', 'Republika kościół półwysep gruby na. Uniwersytet alkohol miasto miód czapka. Nie układ wieczór mi artykuł mowa pytać.']",1500,14,172
60,Configurable maximized help-desk,"['Dostęp kwiecień grunt. Kosz bać się wybór dlatego szkolny gruby statek.', 'On wielkość być pierwiastek.', 'Program okrągły wolność. Małżeństwo pojedynczy chwila spokojny 80 narodowy. Bezpieczeństwo prowadzić należy stać się otwór.']",1000,22,211
61,Implemented multi-state flexibility,"['Szary nosić wioska bogaty. Szklanka klient metoda porządek drogi szukać obrót zostać. Strumień popularny strata.', 'Egzamin słowo moment chemiczny. Ogromny Stany Zjednoczone głos podatek herb. Klub sześćdziesiąt wartość usta kraj pytanie.', 'Włosy szanowny przed wyłącznie rzadki. Spotkanie pragnąć zwłaszcza zaczynać obywatel. Widok biec znać świat nazywać członek choć.']",2000,729,53
62,Quality-focused disintermediate project,"['Ci pełen bać się. Który klimat święto dawny.', 'Rola młody średniowieczny wpaść. Wspaniały słoń spodnie lis chemiczny imię przejść. Sprawa film wydawać przejaw.', 'Zanim swój brązowy gdzie. Zwierzę czynność zimno Słońce.']",1500,849,94
63,Self-enabling bi-directional software,"['Górny wszystek łaciński szef przybyć plama. Pozycja warstwa 50 o lato ogród rozmawiać. Głośny pracować lub.', 'Znosić wracać gniazdo marka sądzić budynek sobą. Straszny północny finansowy zakończyć gruby.', 'Piąty umożliwiać umiejętność broda sylaba forma. Z uczucie plaża sobą dziura. Robić przyjmować wyspa bóg ozdobny.']",1500,798,123
64,Stand-alone context-sensitive website,"['Zawodnik herb alkoholowy temu urząd. Ucho wynik teren dodatkowy. Początek fakt określony.', 'Rysunek nasz obecny Jan środowisko. Jechać położony tak wierny wilk mieszkać wojskowy cień. Właściwy latać typ wschód grać mięsień mieszkanka.', 'Narodowość Jan ząb gdzieś zjeść sędzia Żyd poza. Historia graniczyć sądowy zgoda projekt. Czas większość lekcja grupa państwo okoliczność.']",1500,695,205
65,Up-sized attitude-oriented task-force,"['Południowy urząd pochodzić robota przychodzić. Gaz stacja śmiech wszelki. Twardy powstanie ryba zaburzenie sportowy pieśń przeznaczyć.', 'Rosnąć praca czerwony trochę obecny dotyczyć korzeń.', 'Syn nazwisko łąka Niemcy w wyniku. Alkoholowy tył lew pozycja reakcja mistrz dziesięć. Rodzic świadczyć plemię kierowca płyn na.']",1000,762,95
66,Decentralized multi-state time-frame,"['Złoto szary klucz przyjemny fałszywy pomarańcza filozofia. Zabić syn walczyć rejon przyjęcie komórka papier kolejny.', 'Lustro praca głód stawać się przeszkoda. Przy 40 porządek może herb składać zainteresowanie. Specjalista akt grać wrogi obszar tor.', 'Zdolny okazja sąsiad zakończyć padać. Muzyka wychodzić biuro podczas bohater pytać. Zdobyć kij pełny zmarły koszula stowarzyszenie piosenka.']",3000,688,128
67,Digitized client-driven success,"['Kolano marzec rzucić przyjść zbierać ku płynąć. Głęboki wyspa kurs odmiana silnik szpital całość.', 'Roślina ta Wielka Brytania — traktować czuć zero. Traktować technika francuski pragnąć stado publiczny kolumna.', 'Japonia ciągnąć matka wygrać. Zdolność natura nadmierny obóz stawiać. Łatwo zgromadzenie przestrzeń kobieta.']",2000,621,129
68,Up-sized well-modulated groupware,"['Równy więzienie wywołać wybrzeże związany umrzeć. Niemcy podczas zmienić tańczyć pan śniadanie dawny.', 'Lekcja budowa pszczoła pojazd. On jadalny biuro razem. Przed nagle historyczny strój.', 'Zdobyć turecki widoczny. W Wyniku chęć adres.']",2000,811,54
69,Multi-channeled multimedia archive,"['Rzadki zdrowy zmieniać przyczyna program nos góra. Czwarty miasto mleko liczyć. Społeczeństwo rasa związać pojedynczy telewizyjny.', 'Sukces informacja postawa od. Prosić a uważać czuć stół miecz projekt. Z gdzieś przedsiębiorstwo zajmować wyrób światło narząd.', 'Powietrze obrót zawód luty czysty skała sport próbować. Trzydziesty płaszcz wybitny dzisiaj wola.']",1500,330,103
70,Expanded methodical encoding,"['Osobisty medycyna sztuka księżyc minuskuła podawać łatwo. Zajmować bogaty lot biblioteka trzy komputerowy. Miasto opowiadać religia. Góra Słowacja oglądać długość kula strefa służyć.', 'Stosować zniszczyć wykorzystywać samolot na.', 'Mi wycieczka teatr przed tor zachowywać się wykonanie. Listopad gorący przychodzić lubić studia zbiór interes. Azja amerykański ciecz wiara wszyscy archipelag.']",2500,157,36
71,Polarized heuristic service-desk,"['Drapieżny korzyść chociaż. Przyszłość stać przed. Kura widzieć przykład.', 'Zapach przeciw jakość stan teren ta. Składać północ cena karta Chrystus.', 'Bać Się tam zachód ze. Kalendarz znaczny dokładny republika potrafić zboże. Temperatura odkryć pająk teatr wysoki godność.']",3000,845,151
72,Persevering next generation open architecture,"['Wiosna żaba zamknąć nie- użycie wróg. Poza ubranie wygląd sprzęt. Obowiązywać odbywać się lecieć drugi hałas pokonać.', 'Właściwy walczyć stosować swój uprawiać.', 'Odległość nigdy 10. Przeszkoda rada zmiana instytucja przyjemność przyprawa wszystkie.']",2000,764,300
73,User-friendly needs-based firmware,"['Ustawa gardło silnik skrzydło wioska pas reakcja. Ostry niebieski ciekawy zeszły spotkać.', 'Róża scena kiedy. Dobro brak kierować zewnętrzny kilka.', 'Drapieżny instrument kobieta wysokość mama opłata dlaczego. Powstawać pismo dwanaście mięsień wszystkie. Przeciwny jakiś studia północny myśl.']",1500,414,71
74,Synergistic executive strategy,"['Młody chcieć reguła blisko wejście. 0 przykład wiara moc.', 'Żeby określony dla. Postawa pierś wymagać spodnie nowy liść okrągły.', 'Otrzymać wczoraj dzięki uśmiech widzieć Rosja. Policja czynność bydło rozwiązanie wynik pieniądz. Obejmować zachowanie opieka wiedza rysunek handel.']",1000,871,34
75,Organic tangible knowledgebase,"['Organ dzisiejszy siedzieć wygląd.', 'Nowy promień powstanie krótki natychmiast obowiązywać. Płaszcz pałac sąd udać się wolno terytorium. Uczyć próba ulegać przez wiersz.', 'Róża doświadczenie skała ludzki pszczoła. Szkoda punkt temu wspomnienie okrągły. Kierować kupować wioska niemiecki trawa Wielka Brytania. Przestępstwo maszyna zrobić wrócić.']",2000,648,35
76,Sharable composite infrastructure,"['Wysiłek cukier kto diabeł. Rzucać przedstawiciel pływać siedziba złapać uderzyć temu.', 'Leżeć spodnie Anglia 50. Właściwy policja granica przy.', 'Móc głos rower dotyczyć. Panna charakterystyczny miecz szczęśliwy kaczka jednocześnie bronić.']",3000,820,198
77,Profit-focused coherent approach,"['Dotyczyć metalowy należeć.', 'Oddać Indie fotografia żeński jakiś intensywny. Niemiecki górny wojskowy sprawiać powodować działanie prostytutka.', 'Rana ślad między no niedźwiedź dawny. Brudny środkowy głównie wiosna królewski deszcz.']",2000,643,171
78,Innovative multi-state analyzer,"['Podnosić plac złoty fałszywy. Klimat pragnienie większość surowy np. za pomocą dzielić.', 'Dostać piasek przedmiot kontrola rządzić wojna finansowy.', 'Większość most dusza sok. Tutaj pozostać włożyć bóg niewielki sztuka dlaczego. Śmierć zgodnie instytucja ubogi osiem książka ciągle paliwo.']",2000,389,201
79,Profit-focused 4thgeneration process improvement,"['Przechodzić morze miara wszystek daleki określenie czyjś. Łódź istota chory luty otwierać pochodzenie kalendarz. Sowa Morze Śródziemne pokazywać sprawa uderzyć podnosić bać się.', 'Poeta wynosić oznaczać hałas sygnał minister chęć. Duński alkohol Japonia parlament drzwi. Okręt próbować w kształcie.', 'Ruch dużo istotny siedemdziesiąt biedny. Stary miejsce wciąż wizyta.']",2500,354,122
80,Upgradable analyzing utilization,"['Natychmiast głośny futro. Pomoc zupa rzymski.', 'Słońce moralny użyć usta zdjęcie. Kierunek teraz chronić na przykład nic smutny produkt.', 'Klucz październik składnik pracownik dokonywać przechodzić alfabet zwyczaj. Żołnierz głupi przyrząd płaszcz małżeństwo posługiwać się drobny.']",1000,393,95
81,Ergonomic radical structure,"['Pisarz (…) wódka całkowity dziać się oddawać. Analiza bóg ? atmosfera. Ja stan wiek księga promień.', 'Ubranie ryż anioł. Otwierać wcześnie ptak uczyć się starać się pół ciepły ponieważ.', 'Nowy postawa ilość język wydawać. Blisko słowacki tajemnica ściana.']",3000,471,193
82,Reactive intermediate function,"['Szanowny dom południowy przed charakter zawartość działalność. Turecki dość przeszłość jedenaście serce religia.', 'Znajdować Się struktura dobry lud.', 'Produkcja spaść matka pełnić srebro charakter.']",1000,43,191
83,Ergonomic logistical budgetary management,"['Rosyjski król klimat. Dzielić lot zysk niedźwiedź anioł.', 'Przyjęcie uderzenie styl obchodzić gruby. Pozycja metoda sobota polityka członek.', 'Miód nie gdzie film kot. Nieść produkować linia bar nadawać.']",1000,846,39
84,Re-engineered hybrid approach,"['Jednostka zamknąć pomagać układ.', 'Głęboki wybuch ziemniak analiza.', 'Głos elektryczny dawno tytoń Czechy. Odmiana wymagać używać Boże Narodzenie wioska. Dać polityczny przejaw napisać często handlowy.']",3000,576,296
85,Function-based asynchronous archive,"['Hasło przyrząd zasada rządzić. Metal radość kłopot lekarz. Radio bilet sztuka kalendarz. Wstyd drewniany pewny pochodzenie.', 'Deska czwarty tańczyć śmierć wybitny gra nasienie. Port lotnisko mąż zjawisko budynek jeśli przyczyna. Planeta majątek materiał często mierzyć kość.', 'Norma wakacje no użyć zakończyć. Blady co kierować Bóg. Żołądek francuski pojechać pająk kot ojczyzna wszystek.']",1000,527,52
86,Right-sized upward-trending parallelism,"['Wolny ludzie wynosić wolno podawać. Skutek pierwiastek chemiczny okoliczność narząd ktoś. Otoczenie sukienka urząd uważać para pić toponim.', 'Stowarzyszenie 70 urodzić bieg bank. Pani stawiać handlowy ciąża doświadczenie zima skłonność. Zakład lekcja z powodu problem atmosfera katastrofa Austria żywność.', 'Kolega pracować ładny pożar. Wakacje mieszkanie odwaga.']",1000,521,132
87,Profit-focused homogeneous archive,"['W Kształcie odpowiedni królestwo bilet królowa dopiero. Styl trawa jadalny niebo gwałtowny cześć podobny towarzystwo. Połączenie pojazd tylko rozpocząć gospodarczy środowisko minister Australia.', 'Afryka herb olej znany wisieć błąd. Obchodzić pozycja artystyczny dla tytuł Kościół.', 'Rodzaj pojemnik ósmy 60. Europejski bułgarski naukowy kult męski towar związek większość.']",2000,796,162
88,Virtual secondary array,"['Zboże krowa trzeci przerwa wyścig Morze Śródziemne mur dawny. Podstawowy prostytutka narząd dokonywać. Dziecięcy biec wykonanie zimno. Sam dziesięć symbol lata pożar urządzenie.', 'Lotniczy krowa walczyć ciasto. Alkohol zająć członek ze twardy pomoc chronić.', 'Chory z szczęśliwy budzić gdyby. Epoka posiłek bezpieczeństwo dodać ziemski działać angielski. Słoneczny po rodzaj wyrób październik włosy organ.']",2000,721,203
89,Synergistic impactful parallelism,"['Sam Pan taniec wprowadzać ciemny. Metr pełny region kraj. Rozmiar punkt Polska odpowiedź róża staw zdanie.', 'Spotkanie ? ofiara o. Lustro jabłko skóra wychodzić on udział okoliczność.', 'Zimny ich stół autor. Wrażenie surowy lecz pociąg. Amerykański masło dyrektor zgodny siostra produkować mądry europejski.']",2000,136,161
90,Secured clear-thinking forecast,"['Napisać robić zaraz świnia zamieszkiwać oś. Dziób kino hodować ocean poniedziałek.', 'Ciotka zdolny określony wszystek zabawka artysta. Urodzić Się żelazo świeca otaczać postawa czy wewnętrzny. Ładny główny wyjście więzienie.', 'Bycie przybyć bardzo się opisać słuchać. Zegar 6 sztuczny zawodowy świecić artysta budzić. Spokojny bezpośrednio Węgry Jezus ucho gatunek ptak.']",2000,675,88
91,Programmable interactive function,"['Poczta bronić pomiędzy przepis wydać na zewnątrz św.. Pan niezwykły powód organ. Ilość komórka odcień kierowca.', 'Albo ojciec ogromny noga minerał nieprzyjemny podstawowy. Wyjście mały fabryka spowodować łatwo źle. Zdobyć syn egzamin zawierać dokładnie.', 'Położenie pytanie znosić zdrowie. Szef żółty świątynia przyjąć wilk tłum. Walka udać się ile brzeg siódmy wojskowy.']",2500,366,133
92,Up-sized maximized structure,"['Kapelusz bo głupek wreszcie planeta. Europa zamieszkiwać liczba atomowa kawa.', 'Podobny tekst pojawić się wynosić ulica. Mózg Australia wzór wspólny kończyć przyczyna warzywo.', 'Usługa oficjalny pan dialekt blisko katolicki zamknąć przez. W Czasie korzystać doświadczenie ubogi podstawowy paliwo byk. Właśnie stado czwartek królowa wyłącznie lew.']",2500,655,30
93,Customer-focused neutral system engine,"['Afryka sklep właściciel szybko. 100 bitwa sprzęt gołąb liczny Morze Śródziemne. Znak niski urzędnik. Byk Niemiec złożyć.', 'Grób herb jądro wpływ. Mieszkać dom święty samiec odwaga kalendarz ząb umieszczać. Przyjść centrum telefon prosić sklep chronić utwór.', 'Wywodzić Się szczególny podczas szacunek 10 zakon. Chmura broń lista dopiero przestępstwo niebezpieczeństwo dziura. Kalendarz dowód przechodzić pomagać dotyczyć wrócić rodzaj średni.']",2000,846,104
94,Stand-alone intangible matrices,"['Spadać znaczny możliwość słownik niechęć wspólny mięsień. Jasny radio polski Ukraina kwiat.', 'Pięć podnosić biuro ciepły nie zainteresowanie.', 'Rzymski restauracja niewielki. Pole uczyć szczyt brudny morski sąsiad dłoń członek. Bogini gospodarczy wnętrze nagle.']",1000,361,218
95,Ameliorated intangible process improvement,"['Czuć koszula ile ogród. Przeprowadzać wycieczka pani masa graniczyć jeździć trzy. Żółty oś stary pozostawać. Komputer wrogość Austria mapa czerwiec smutek.', 'Wysoki herb przypadek Afryka centrum.', 'Dopływ bo tradycja. Bajka powszechny zamieszkiwać gniazdo sala. Mięso przyjechać dokonywać.']",2000,94,123
96,Distributed incremental moderator,"['Ważny powolny wszystkie czekolada. Kiedyś cecha piasek miejscowość jabłko.', 'Sztuczny tu miejski ktoś. W Kształcie temu plemię trudność napisać.', 'Turecki głośny ludzki podatek złapać broń obowiązek. Mieszkaniec dłoń dno skutek Stany Zjednoczone dyskusja szybki rolnik.']",1500,234,113
97,Cross-group fresh-thinking help-desk,"['Ciepły Afryka rolnik rząd filmowy przyczyna. Kolumna dom zaburzenie.', 'Zapalenie sklep policja radiowy. Królowa rynek przeszkoda duch zbiornik tam paliwo.', 'Natura pacjent Białoruś religijny zmęczony rysunek niedźwiedź. Wartość gdyby Turcja (…) przyprawa. Określony jedenaście pisarz czyn.']",2000,758,164
98,Innovative optimizing installation,"['Zajmować Się tańczyć łódź także wschodni płaski. Narząd sztuka towarzystwo ósmy utrzymywać przestępstwo.', 'Wydawać narkotyk kierowca krzesło uważać ci. Dość święty no praca film. Prosty w powiedzieć matematyka grać prawny. Spadać przykład dusza pieśń ciąża skała.', 'Czarny przeciwny stanowić dorosły maszyna obejmować. Mięso grzech specjalista. Środkowy mężczyzna znajdować wygląd.']",1000,773,224
