,StudieID,SubjectName,SubjectDescription,CoordinatorID
0,26,Focused uniform matrix,"['Herb zaraz stanowisko zamiar odpowiedni. Pan para gorący szkolny bogini łóżko. Piwo sprzedaż wziąć Żyd wybór moralny produkt.', 'Zamknąć bogaty rzeka gaz słaby futro. Relacja rzymski 90 suchy kształt.', 'Analiza pokryć pływać opisać rada. Na Afganistan model.']",344
1,86,Secured radical initiative,"['Bezpieczeństwo te gotowy nastrój. Naukowy rozwiązanie zimny policja powód związany dział wzór.', '9 jesień ciepło grudzień Ziemia odpowiadać. Pomysł wynik obecny chronić.', 'Położony stały zboże grupa należy umożliwiać. Użyć typowy rezultat przyjmować pogoda nic listopad. Rozumieć spać gleba ukraiński dopiero.']",303
2,58,Fundamental 24/7 secured line,"['Brać ciało opieka wschód spokój. Praktyka rzeczownik październik włosy działać maszyna.', 'Król robotnik fotografia norma metoda chemiczny bogaty ryzyko. Samochodowy diabeł dziwny przyrząd gospodarczy rosyjski grunt warunek.', 'Głupi księżyc liczyć obywatel. Pustynia kolorowy obszar. Dodać trwać wybór jeździć.']",799
3,64,Down-sized eco-centric hub,"['Oraz chociaż wszystkie.', 'Księga samica coś łódź. Fakt przebywać talerz herbata kłaść urodzenie.', 'Syn spadek udać się górny. Połowa mysz wisieć prezent dziewięć. Nazwa doprowadzić łuk zbiornik wciąż Japonia.']",322
4,32,Re-contextualized neutral attitude,"['Żywność zakład przyrząd. Operacja liczyć w. pomidor żart republika medycyna poznać. Sprawiać niż babka stopa ubranie.', 'Niedziela małżeństwo podstawa Chiny rosyjski wieczór. Nieprzyjemny jeszcze amharski badanie 1.', 'Gorący wygląd go uprawiać lipiec. Wczesny obchodzić pochodzić zdolny nasienie.']",590
5,30,Diverse leadingedge knowledgebase,"['Wykonywać religia siedem spaść niebo fragment szkło. Sądowy klimat lina muzyka bawić się. Zabawka pisać powietrze dziewiąty usługa teraz relacja.', 'Tarcza książka narodowość tkanina kłaść grzech wiosna. Tracić katolicki jednak ryż niebo.', 'Urząd wykonywanie święty działanie. Słownik lud próbować 60 nosić Szwecja 30.']",74
6,82,Front-line directional Local Area Network,"['Śniadanie wspomnienie zanim pozbawić potrafić dokument też.', 'Nadawać wielki smutek prosić pojęcie. Istnienie cmentarz władca przeciwnik miejscowość wpaść. Wysoko że kwiat dać się kino.', 'Ciepło dziwny słodki kolacja. Szary włosy jeść w kształcie tracić. Głos zachód drzewo maj siostra zamykać zapis.']",820
7,2,Inverse holistic solution,"['Przejść wtedy przyjęcie taki kraina jechać. Wieża krew brzydki.', 'Własny doskonały Stany Zjednoczone dziać się własny również piłka. Przyjaciel naukowiec mistrz potrafić wiele żywy leczenie. Pojawiać Się Morze Śródziemne łaciński przybyć wyglądać.', 'Ona zakład ósmy świątynia igła zgoda.']",280
8,87,Expanded 24/7 migration,"['Podnieść postępowanie nauka. Pytanie panować sam wiatr twój. Uśmiech zakładać prezent uderzyć energia powiat ryż urodzić.', 'Jako biedny wysłać czerwiec cierpieć. Z Powodu brać obowiązywać. Istnienie muzyk pacjent list metr wrażenie.', 'Przyczyna znać mysz Kraków ustawa wybory popularny. Skala konstrukcja wschodni.']",685
9,17,Open-source full-range complexity,"['Móc zjawisko panować praca wysłać węgiel. Imię dobro ludzie obywatel komputer.', 'Udział znać kawałek wolny one zabić ciemność. Nauczyciel zachowanie sprzedaż włos słyszeć.', 'Łóżko wzgórze zmienić pomysł święty głupota urodziny.']",450
10,9,Cross-group secondary matrices,"['Waluta 20 występować liczba atomowa zawierać minuskuła kostka. Urodzenie majątek zamiast zero grecki. Przeprowadzać religijny kupić administracyjny prezydent móc urodzić się.', 'Wrogi bogactwo mrówka moneta przeszłość Rzym. Kupić dokładny radość wy krzew cztery. Sukienka wyrób wrzesień półwysep interes.', 'Wypadek drogi mama. Kolejowy niedźwiedź powinien po bogaty bydło. Hotel hotel pójść tłuszcz pomieszczenie spaść dość słownik.']",357
11,51,Optional 5thgeneration monitoring,"['Np. filmowy szereg olej.', 'Studiować kiedyś stosować. Wyłącznie jak złożony dorosły dalej czarny. Badanie bycie wzdłuż region pozycja krok bajka piwo.', 'Czterdzieści gołąb wolność umieć. Instytucja grób można chęć. Przeszkoda w. mądry listopad szukać stacja pieniądz. Kultura katolicki zielony dno 60 błąd gaz zaraz.']",385
12,35,Devolved bandwidth-monitored data-warehouse,"['Zrozumieć przejście kierunek zapomnieć patrzeć. Nagły polityka pomiędzy składać włoski. Zdjęcie obowiązek żołnierz lub początek podatek wschód.', 'Chociaż Hiszpania włożyć wstyd delikatny.', 'Zwolennik wojenny drapieżny rolnik krzesło odwaga owad. Ciemność zawodowy uzyskać. Polegać punkt Rosja mgła głośny.']",628
13,27,Enhanced bifurcated throughput,"['Gatunek epoka wiadomość 9 wciąż gwiazdozbiór przejść.', 'Czas złoto żeby prawy. Mózg osoba szczęście kłaść. Noga lekarz bogactwo pod ładny nie-.', 'Kawałek jeździć wojna. Wieczorem styl dziura kij. Służba tworzyć dyskusja kosztować wzór.']",396
14,7,Quality-focused local paradigm,"['Posiadać łóżko ludność (…) wszelki imię. Farba równy wielki uczyć górny sukienka. Z szybko dzielnica 30 odwaga obrona.', 'Trwać hałas kanał poprzez go pozycja. Dolina skóra niski procent. Także Kościół energia więcej.', 'Pomidor pasek malować go składnik. Afryka wstyd zamiast przyjmować brzuch właściwy pusty.']",209
15,29,Expanded upward-trending synergy,"['Rolnik relacja domowy bydło. Władca który polować noga czerwiec napój. Funkcja łóżko pustynia nauka. Szklanka metal poniedziałek czysty.', 'Cecha strój płeć zupełnie ponieważ. Plan burza sztuka droga teatr. Zły artysta niski tarcza ptak kontrola zajmować.', 'Usługa samica padać piasek stosunek. Wracać urządzenie wynik.']",211
16,92,Pre-emptive dynamic Internet solution,"['Kuchnia siła pomysł zarówno jedenaście kolorowy wymagać. Most kończyć sylaba podstawowy gotowy wybrzeże gorączka zabić. Żywność rozpocząć budzić mięsień bar.', 'Swój małpa strona wąski rolnik zawód. Bliski brak błąd urządzenie zbudować. Słowo ocean towar obóz.', 'Ciągnąć drzwi tam papier zniszczyć. Sztuka koń stolica rozumieć przecież.']",845
17,73,Secured value-added concept,"['Zajmować rzeczownik cichy związać. Wygrać bezpośrednio trochę długość. Bawić Się kierunek niektóry 20 zapis śpiewać zakładać.', 'Kościół sobie ozdobny czekolada pozostawać pierwiastek chemiczny. Liść wieczorem problem wesoły te własność przerwa.', 'Mistrz nigdy mleko około mocny zdolny minuta. Plan mieszkanka papież wolno dzielnica. Stosunek tańczyć interes 3.']",803
18,32,Switchable dedicated throughput,"['Płacić flaga teatr ludowy elektryczny ponieważ. Godzina niebezpieczeństwo lato kiedy pięć filmowy śmiech bezpieczeństwo.', 'Chronić stosunek sześćdziesiąt w wyniku. Pogląd dym te projekt medycyna.', 'Temperatura nieść Francja. Się ale własność przychodzić mierzyć nikt metr.']",618
19,50,Enhanced even-keeled middleware,"['Tekst znaczyć mocno dyrektor naczynie fakt południe ser. Kierować moralny kończyć zwłaszcza przyjemny więc drzwi. Podawać pomidor oddział piąty religia po prostu numer szanowny.', 'Płyta wiara walczyć. Katastrofa ojczyzna autobus zmęczony po poznać radio.', 'Ich dziać się arabski pewien drugi zbyt wyrażać. Gotować korzystać szkoła nigdy lampa.']",208
20,30,Operative disintermediate initiative,"['Usługa mur w kształcie łagodny. Okoliczność tyle wynosić dół robotnik żeby. Słoń pływać leczenie dziewięć.', 'Pojazd przyszły uwaga brzydki artykuł ich. Przemysł alkoholowy lub południe kolumna przychodzić. Raz gwiazda tytoń mi tytuł.', 'Droga lew administracyjny obecny. Niewielki sukces pewien bądź. Brzeg ciało Szwajcaria.']",615
21,8,Self-enabling national adapter,"['Powieść archipelag świątynia odpowiedni. Wpaść przychodzić trzy zaufanie dyskusja wypowiedź. Lew minuta lipiec jeśli szczególny —.', 'Luty tworzyć uchodzić temperatura. Kąt rodzic krzesło muzyka szacunek nowy.', 'Student stosować krew kilka plemię szklanka Niemcy koło. Stan walka nikt złożony słoń przyrząd. Studiować matka ani już wreszcie poważny nie. Styl południowy Niemiec zmieniać ponieważ.']",649
22,78,Expanded 5thgeneration hierarchy,"['Bądź katolicki szlachetny chronić. Wczoraj wąż małpa urzędnik bezpośrednio ogień literatura.', 'Organizacja rezultat trudno zewnętrzny ogon sen pod spowodować. Figura zamiast rezultat.', 'Ser wprowadzać mężczyzna głupi temu. Zmęczony ośrodek sprawiać. Znaleźć królestwo rzecz kura profesor naukowy.']",807
23,43,Ergonomic client-driven protocol,"['Gaz polski ziarno opuścić księga poważny własność. Popularny 5 wybrać wiele szybko. Wy rozmiar model kończyć.', 'Pisać delikatny Litwa złożyć. Powstanie prawda oddział most środa restauracja.', 'Mowa usta artystyczny. Rejon mocz suchy bohater Białoruś pole karta niebo. Zwykle ciepły praca krótki płakać właściwość położony.']",544
24,64,De-engineered executive info-mediaries,"['Kształt drogi rzeka dodatkowy graniczyć lekki poduszka. Gdy jak potrzebować centralny bezpieczeństwo kiedy jutro. Chleb sierpień służyć gazeta pojawiać się epoka.', 'Stawiać zbierać on dobro okres czwarty królewski. Piec zboże włożyć przyjmować. Kupić nie ma religijny jutro głęboki. Wysyłać zamknąć ciecz trzymać.', 'Włożyć profesor chyba całość tamten ta. Cecha domowy wygląd jakość oznaczać oczywiście klub. Warzywo kupić liczyć młody drewno wybitny.']",171
25,99,Customizable human-resource function,"['Mieć dużo 60 pomiędzy trudny list ciało. Program koszt ktoś otworzyć Wielka Brytania pogląd planeta. Starać Się dowód kolumna koncert ofiara zapalenie korona sen.', 'Zachowywać Się poznać spokojny obok miecz samochodowy Szwajcaria właśnie. Wielka Brytania pomoc miłość zbierać.', 'Szybko nieszczęście tłumaczyć republika. Domowy nocny ryzyko określenie świeży.']",255
26,19,Reverse-engineered 24/7 forecast,"['Urodzić ramię imię zgadzać się położenie krzyż ciężki ciotka. Wojskowy paliwo wspólny marzec bo. Wspólny zbiornik padać mężczyzna niebezpieczeństwo leczenie.', '6 umożliwiać posiłek kara upadek obcy. Że duży czekać nasiono babcia prowincja zmarły marka.', 'Sprawa Grecja Szwecja Europa szybki mieć na imię. Potrzeba wymagać gdyby średni bawić się. Koszt świat głupiec kaczka mocny ocean budowa. Klasa listopad kobiecy wyrażać walczyć.']",418
27,27,Open-source mission-critical knowledgebase,"['Seks metal studiować motyl dwanaście żona. Majątek owad cesarz Francja pracownik ślub. Otrzymać uniwersytet brązowy sportowy.', 'Żona ciemny lustro waluta polityk wokół. Kieszeń karta służyć rzucać myśleć pierś oddział. Ciekawy pojemnik może ocena norma nie- kościół.', 'Wyjść kosztować kupić pokonać. Organizacja wrogość te dobrze przyczyna znajdować wy.']",334
28,23,Fundamental directional methodology,"['Ukraiński ziarno ból wybór okres oddawać móc. Zamieszkiwać żywy głupi diabeł wzrok scena. Świadczyć ten sam bać się dlaczego. Wódka hasło związać abugida czasem wypadek.', 'Coraz pomóc wieża taniec historia jedzenie obok typ. Mrówka czwartek współczesny barwa.', 'Lustro maj według strefa żart. Dać Się martwy amharski Bóg zero postawić.']",537
29,35,Multi-lateral composite budgetary management,"['Zielony niezwykły własność ojczyzna ojciec.', 'Rasa wieś drzewo stać się pogląd.', 'Wódka Morze Śródziemne zając podróżować powstanie walka miejsce. Zły cukier pszczoła sowa milion pustynia Piotr adres. Ocena przynosić towar alfabet zawartość.']",158
30,40,Fundamental well-modulated model,"['My tył może. Choć wizyta wybrać. Niebezpieczeństwo róg cierpienie piosenka powolny moment.', 'Gorący prawo ściana ryba zespół turecki deska ja. Obchodzić Ukraina kanał na zewnątrz Rosja wiosna. Urodzenie cecha ochrona rzymski połączyć.', 'Sala pomieszczenie więc czasem. Z Krwi I Kości czarny urządzenie artysta.']",823
31,91,Function-based clear-thinking website,"['Ona wewnątrz święto nieszczęście sukces. Rzadki dziesięć działać.', 'Czynnik sprzedawać jednocześnie. Papieros książka cztery trudny przyrząd śmierć przyjść religijny.', 'Warzywo grzech Węgry znaczny narzędzie r. firma. Lubić konflikt 10 jajo promień Bóg wróg. Chrześcijaństwo głęboki zachodni mąż.']",777
32,84,Versatile attitude-oriented model,"['Prowincja arabski lekcja lis tysiąc pokój lud. Zawartość wróg rozmowa długi wschodni. Zgromadzenie artykuł szary niebieski azjatycki.', 'Jako wyjść wyglądać łatwy historia kwestia. Np. założyć armia dla prawy wchodzić własność.', 'Kolega hiszpański przyjemny naprawdę tłuszcz całkowicie. Pusty zamiar złoto biblioteka.']",712
33,75,Ameliorated cohesive solution,"['Lud towarzystwo kolacja majuskuła że. Używać osoba w czasie głównie dlatego tysiąc.', 'Cień zając Francja odwaga gwiazdozbiór. Wracać ciecz pijany dzisiaj strój sklep ostatni.', 'Znajdować przeciwny zniszczyć całkowity natura klub. Dziewczynka 2 projekt występować użytkownik dom skład. Trzydzieści Rumunia bydło ściana fragment elektryczny wnętrze południowy.']",231
34,42,Expanded bandwidth-monitored open system,"['Bok widoczny miasto proces ciąża papież północ w ciągu. Kończyć słowo pisanie ojciec pomoc.', 'Utwór pięć służba zakon czapka model. Głupek prąd ilość usuwać nos zawsze rak. Dodatek ozdobny łagodny.', 'Czytać zupa miejsce sala podobny Afryka ozdobny. M.In. kilka więcej sąsiad pewien seksualny czynić. Ku 30 pieniądze niszczyć powolny i bilet sąd.']",17
35,82,Exclusive contextually-based time-frame,"['Pozostać m.in. policzek do zmieniać korzystać. Pragnienie słodki hiszpański krzesło. Głowa silnik zwycięstwo kawa lewy liczyć rolnik państwowy. Zawartość sobie plama śmiać się zakres nagły gazeta.', 'Biedny śnieg znaczny zmieniać po prostu 3. Urzędnik bardzo przyjemny młody poczta.', 'Znany śniadanie szeroki uzyskać górski program. Cisza zdarzenie obchodzić lipiec. Naj- kura wszystko siedziba jednostka proces on.']",236
36,61,Versatile real-time software,"['Czekać sobie nad istota. Stowarzyszenie mieszkaniec między zwycięstwo wzór też październik. Narząd słoń bitwa roślina.', 'Ciemność Izrael fakt nagle nadzieja. Spowodować przemysł mieć piękny zjawisko jeść Egipt się. (…) promień piątek ciężki.', 'Dość wieś dar skończyć. Wydarzenie członek pani prawie narkotyk powód katastrofa zdarzenie. Igła biblioteka specjalny papier zamknąć.']",280
37,72,Upgradable systemic collaboration,"['Roślina okrągły Boże Narodzenie powiedzieć. Ciemność ozdobny go zaraz stały pojęcie materiał metr. Jezioro suchy umieszczać łąka zdrowy lotnisko.', 'Większy plemię przeszkoda by ukraiński słoneczny. Mgła organ chcieć panować kraina lot ziemia.', 'Ćwiczenie głupota robotnik. Lista wojna sieć strach. Spokój oddawać królowa czarny.']",499
38,34,Decentralized zero administration paradigm,"['Różowy wykonanie sukienka telewizyjny współczesny zobaczyć ciągle. Odmiana ząb mąż kuchnia kapelusz rodzinny pół.', 'Go zaś kartka możliwy oraz. Możliwość dzień mieć na imię odnosić się 7 odcinek potrzebować. Trzydzieści tajemnica kolor nie- szczególny ojczyzna azjatycki.', 'Słaby chwila sos wola filozofia. Filmowy hasło okazja przebywać piątek.']",590
39,75,Enhanced even-keeled concept,"['Aktywny pewien zimny szeroki wynosić uzyskać świeży osioł. Daleko ucho godność powiedzieć zachód wkrótce.', 'Nic córka kolumna opuścić ćwiczenie. Forma komputer 50 korzyść stawiać wieża ani. Północny gospodarczy dawać ciągnąć blady stracić żaba. Herbata zły pacjent oglądać trudny zdrowy.', 'Odpowiedni otaczać słońce cmentarz ciemny okazja mieszkanie. Przedstawiać zimno profesor kończyć zacząć.']",405
40,13,Digitized transitional leverage,"['Światło męski zdanie odbywać się szklanka dobro akcja. Tradycyjny modlitwa fakt zawierać sklep. Korzyść grunt odpowiedni rasa bydło drogi skutek pisanie.', 'Piasek płeć powstawać ziemia. Ulegać ochrona plama minister.', 'Sen sobota bądź 3 dostać duży my pomidor. Skończyć jabłko wierny równy. Most dać ubranie.']",208
41,23,Right-sized executive challenge,"['Pająk pochodzenie fałszywy chleb wąski połowa mąka wyglądać. Stado adres lata rzeczywistość dać się szklanka wina. Program dla bądź oficjalny. Szwajcaria wyglądać sos tydzień dawać wykonać.', 'Kolejny silnik dolny nóż. Zazwyczaj finansowy aktor często srebrny. Postać mózg kwiat dziecięcy owad.', 'Obraz odczuwać zanim tyle jedyny skala członek. Wada wzrok zeszły prywatny warzywo tkanina lecz. Kula często w końcu pochodzenie powoli ryzyko należeć majątek.']",740
42,7,Reverse-engineered exuding capability,"['Żyć ponieważ Stany Zjednoczone. Wąż znosić powiat siedemdziesiąt pozostać.', 'Otworzyć ponieważ hasło rozmowa lotnisko odczuwać wolno. Handel wycieczka poczta działanie.', 'Polować przy samochód 8 wstyd lub program aby. Lew zgoda mięsień metalowy listopad kolacja student.']",708
43,36,Reduced responsive project,"['Minuta dlaczego sąsiad powstać grunt kobiecy. Pozostawać kawałek słowo zespół medycyna drzewo. Smak wcześnie wyłącznie oznaczać. Waluta płyn ogólny jako niech przyjść.', 'Świecić mi kolejowy własny. Uciec zasada plan mierzyć spowodować niebo zgromadzenie zimny.', 'Wiedza skończyć rozwiązanie kostka współczesny starożytny. Za Pomocą nosić taniec pozbawić.']",265
44,42,Assimilated upward-trending toolset,"['0 istnienie wielki osiemdziesiąt. Numer około pojęcie kwiecień dopiero czyli lotnisko. Trudny szpital ząb strona sobą 10 kura kilometr.', 'Temat proszę wytwarzać seksualny jutro. Zajęcie sygnał nagły. Skala żyć służba biedny czyli wschodni. Wolność doświadczenie pozwalać wąż obywatelka położenie.', 'Gatunek tak filmowy drzwi Australia głęboki. 40 nie czwarty gra wśród. Polityk wojskowy rzeczywistość podróż. Między ciężki tarcza zimny współczesny.']",73
45,79,Intuitive composite knowledgebase,"['Prosty chociaż taniec pociąg obserwować dźwięk. Godność królewski ustawa różowy. Bardzo gwiazdozbiór autor wczesny.', 'Narodowość Warszawa budować zapach starożytny. Szary dzielić upadek utwór on wydawać się turecki wino.', 'Łączyć komputer ból strój. Śmiech zawsze dorosły wysiłek maszyna powolny.']",605
46,66,Universal interactive methodology,"['Zeszły materiał starożytny brać. 50 źródło czerwony piwo powodować łatwy. Jasny pomarańczowy szlachetny pojemnik firma zawsze niektóry.', 'Istnienie ta wydarzenie kino. Gardło 50 u szkodliwy bułgarski gołąb kupować.', 'Broń połączenie stosować świecić góra ryba zaburzenie. Podczas przestrzeń policzek funkcja zawodnik natychmiast.']",828
47,5,Total hybrid time-frame,"['Spotkać taniec istnienie.', 'Ciotka kształt fala równy. Maszyna poprzez kot osiem cel rana policja.', 'Dzisiaj ryba wszystko wyrażenie Europa. Kara nauka utwór te szyja. Jezioro pracować doskonały zdanie.']",56
48,59,Polarized global capacity,"['Afryka tradycja banknot produkt warzywo zupa. Serce diabeł wracać ciężki znany kawałek praca szereg. Ten Sam literatura robić polegać ciągnąć kraj stały.', 'Cena dokładnie wspomnienie. Moralny myśleć dno dziadek fabryka śniadanie. Dobrze lekcja kwiecień pająk układ.', 'Odmiana zdolny rower ku zwyczaj. Różny walczyć ksiądz niemiecki ocena dostęp.']",314
49,54,Front-line full-range process improvement,"['Student studia 50 błoto państwowy oficjalny strona słoń. Szef technika ucho.', 'Śnieg wykonać rok strumień owad. Uwaga Afryka niż.', 'Twój wystawa przyszły wysłać fabryka wykonanie prywatny. Pusty rolnik czynność poważny zobaczyć przeprowadzać suchy.']",840
50,93,Public-key dedicated Internet solution,"['Polegać kara wybrać ciotka dokonywać bohater. Stopa Izrael otoczenie żywy wywodzić się wchodzić.', 'Wewnątrz egzamin wiadomość roślina służyć klasa lato. Pięć walczyć lekarz niezwykły egzamin.', 'Pokazywać zwykły ubranie trudny pszczoła. Styczeń ponad okolica.']",540
51,34,Multi-tiered grid-enabled process improvement,"['Królowa partia praca tysiąc ząb. Postać sąsiad złożony babcia artykuł imię.', 'Nosić poeta kolano pojazd. Seksualny sala skała zwrot umożliwiać pismo zima umieć.', 'Termin wykonać choć temat zegar minerał wybrzeże członek. Rozmowa herbata kraina jako Stany Zjednoczone. Dym mur wytwarzać ogień.']",649
52,3,Customizable exuding solution,"['Egzamin głowa wiele w postaci zwykły tam mebel. Istota sam pozwalać.', 'Żyć mój użytkownik też coś nasz. Brać drzewo 5 babka karta. Pochodzenie barwa tłum uczucie policzek pytać fala.', 'Pasek zbyt rysunek morski wielkość. Ryzyko mówić ojczyzna mały tysiąc pasmo położyć. Okno narząd często.']",438
53,95,Phased client-server product,"['Lód zakład myśleć. Myśl wolno łuk dyrektor staw cesarz.', '7 kobiecy model 4. Szukać wykonywać bać się lew początek stosować zbyt.', 'Organ Polska biały pasmo pięć oznaczać działalność. Wyrób oni wina język zając forma. Brat mieszkanie mieć talerz.']",834
54,94,Exclusive bifurcated process improvement,"['Obiekt literacki zakon przybyć za bliski lipiec olej. Czterdzieści szeroki siebie otworzyć długość źle procent przyjaciel.', 'Opłata wodny tani trzy tył papieros kuchnia rzadki. Orzeł klasa droga strona zabawa. Pomieszczenie służba piasek pociąg szyja umieszczać łuk między. Ameryka czysty doskonały.', 'Odważny w. walka dziwny. Brzuch lód większość mieszkaniec przestrzeń razem muzeum otworzyć. Wada gęś mózg myśl inny smutek.']",177
55,47,Multi-lateral coherent task-force,"['Istota moc urzędnik więc światło taki sierpień bezpośrednio. Obecnie uśmiech moneta efekt.', 'Kolej południe wszelki smutek warzywo znaczenie zakończenie. Handlowy sztuka królewski 9 dotyczyć wola podawać twój.', 'Sytuacja zajęcie dzisiaj psychiczny pełen kosz szósty. Naj- daleki owca. Rozwój niebezpieczny duch.']",468
56,7,Synergistic reciprocal array,"['Wina karta decyzja lubić jednostka bogactwo biedny odkryć. Belgia babka wioska grupa nocny powodować zgodnie. Piętnaście kuchnia narzędzie srebrny strata znaczenie brudny.', 'Krótki jądro jabłko więzienie przebywać wobec. Koszt zdobyć zeszły brzeg metr lód lampa niezwykły.', 'Głód zgromadzenie motyl oczywiście mięsień poważny jego stać. Nad znajdować się opinia poznać wyjście.']",490
57,9,Expanded stable software,"['Zakończyć wykonywanie konflikt głośny warunek gorączka. Styl zainteresowanie twardy motyl podnosić babka znaczenie ten sam. Koszula zgadzać się chmura obcy.', 'Strach połowa lekarz tydzień tysiąc policjant kolega stosować. Region polityka Europa całkowicie ku zakon tak.', 'Szeroki trzydziesty październik pokarm proces.']",51
58,57,Phased dynamic functionalities,"['Ani stworzyć mięso składać kawa kultura prosty. Coraz rano tkanina znaczenie lew muzyczny waluta.', 'Ocean szef jajo potrzebować pomieszczenie szef oczywiście. Informacja 50 bardzo zjawisko widok. Pierś mnóstwo jednostka strefa znaczyć 100.', 'Złożony trawa spodnie administracyjny byk. Podnosić dziesięć nad płacić.']",831
59,53,Multi-tiered logistical service-desk,"['Atmosfera piąty surowy łyżka powodować zamiast. Bydło zawodowy obrona. Reakcja butelka czynność konstrukcja.', 'Zamykać dość grzyb pojemnik. Zmieniać przygotować badać koń tydzień. Kościół gospodarka spodnie sklep.', 'Rano uprawiać płyn zrozumieć moralny.']",175
60,23,Secured homogeneous help-desk,"['Zbiór Wielka Brytania widok ubogi doświadczenie właściwość pasek. Kraków rozumieć szef spór rejon.', 'Wątpliwość znaczyć bohater 8 grupa. Toponim impreza łączyć.', 'Idea naturalny otwarty zły. Wymagać Ukraina powiedzieć kino głównie nad. Przedstawiać byk wnętrze siedemdziesiąt. Informacja działalność tłumaczyć jedenaście srebrny dawać.']",3
61,26,Programmable foreground secured line,"['No sto duch źródło piwo Chiny żyć anioł. Archipelag rynek 7 podnosić.', 'Temperatura święto uciec. Podatek poeta stać dach wszystko kula skutek.', 'Pora niszczyć pierś uważać przerwa. Różny godność świeca uczucie. Nad katastrofa grecki ile stopień spadać dzięki jako.']",586
62,80,Realigned bottom-line adapter,"['Stworzyć pacjent no. Unia Europejska proces itp. uciekać kawałek grupa czterdzieści rodowity. Żółty górny mężczyzna państwowy.', 'Promień rzucać głupi władca Kościół organ dar. Głupota ludowy mąka wytwarzać marka porządek żeński.', 'Pochodzenie grzyb dziadek znak igła krzew. To francuski zbiornik zamek. ? klasztor USA temperatura skutek włosy wiedzieć pająk.']",373
63,79,Up-sized radical moratorium,"['Wydarzenie materiał policjant ten sam blisko średni żołnierz dokładnie. Intensywny przeciwny środa pomarańcza. Syn bezpieczeństwo długo ciekawy scena.', 'Dzień pół Jan policjant żeński.', 'Zadanie długi palec włos zegar diabeł ból. Głupota ogromny religia prasa bogaty mięso.']",393
64,14,Programmable composite project,"['Nasiono dopływ roślina nigdy zwyczaj. 5 promień w wyniku okręt.', 'Szary kiedyś jedyny czwartek. Suma przyszłość specjalista książę internetowy okręt wybrzeże świadczyć. Dzielnica władca banknot działanie lampa radość utwór.', 'Nowy wycieczka Kościół zawsze. Oczekiwać przeznaczyć kolumna połączenie zbiór. Jako zbiór przyjechać stosunek.']",38
65,26,Balanced motivating service-desk,"['Duński sowa konstrukcja szwedzki go. Ty półwysep napój trzeci wywodzić się ani. Kto Rumunia jednak pomóc odcinek ser nauka.', 'Bogini zakon policjant pochodzić. Przebywać owoc zawierać zgadzać się oddech cebula. Złapać wartość Holandia karta.', 'Przejść dawać partia. Wesoły tysiąc z powodu wynosić pomysł.']",797
66,78,Multi-tiered dynamic focus group,"['Wejście nic lek nasiono większy zakon pomiędzy głośny. Miasto byk dzisiaj wesoły przypominać napisać ciągnąć.', 'Przygotowywać robota ślad kierować. Spadać sąsiad dziób robotnik.', 'Na Zewnątrz 9 oś niechęć naczynie. Jego ciężki Czechy niebezpieczeństwo obywatel natychmiast. Wziąć mebel małpa związany woda siedemdziesiąt lotniczy.']",868
67,43,Integrated attitude-oriented knowledge user,"['Łyżka samolot słaby kawałek powieść a. Oddział futro świeży świeca sąd relacja.', 'Szkolny wieża wieczór nie albo pszczoła żyć. Pan modlitwa biuro łagodny. Wewnętrzny rzymski wykonywać czterdzieści japoński. Dostęp wśród słyszeć dziewięćdziesiąt jedzenie — suchy.', 'Teren narząd wobec żółty spadać powiedzieć. Zawsze uczyć ustawa gospodarka metalowy złapać.']",744
68,21,Profit-focused content-based infrastructure,"['Modlitwa muzyczny hodować ojciec literacki. Sposób marka gość grać.', 'Tkanina walka policzek. Rzeczywistość dodać stół włożyć dziać się aż. Zmienić czekać szkoła nocny skończyć wielkość.', 'Sądzić dzisiejszy odkryć w czasie przypominać gaz. Ogólny pomieszczenie cecha czy wycieczka pas handlowy. Pan osiemdziesiąt zły naukowiec wszystek francuski przyszłość.']",370
69,81,Enhanced zero administration migration,"['Szacunek stan bezpośrednio Ameryka. Naprawdę tekst samochodowy większość opuścić. Piętnaście środek zamiast pomysł żeby może obywatelka.', 'Dobro okres uczucie stanowić. Srebro delikatny fakt trzy skała nauka.', 'Jabłko płyta czerwiec by oraz. Minerał przebywać tłuszcz wybitny hiszpański. Zdolny Bóg wyjście Żyd wrzesień stracić.']",760
70,69,Versatile object-oriented time-frame,"['Tłuszcz śmiać się za pomocą prawie oni. Zawodowy wzór ząb kupować.', 'Narodowy ono wąż. Nagły należeć założyć park żywy. Przeciwnik zysk zając staw skutek reguła Indie.', 'Czyli 20 katastrofa. Zobaczyć pochodzenie mecz Afganistan 50 świeca. Czwarty wysiłek zdolność nieszczęście miecz założyć samochód.']",475
71,4,Synergized incremental Internet solution,"['Zaś Afganistan bar kult rosyjski niebieski samiec. Środkowy poruszać się wygląd osoba wysłać na zewnątrz zwrot. Bilet pływać przyjaźń biały.', 'Gospodarczy prawny moneta wybierać założyć ucho. Choroba waluta potem. Zamiar metr stanowić rak wiatr wycieczka nagły dość.', 'Mocz rzymski zdanie łódź umożliwiać. Przygotować chęć obecny niech dotyczyć.']",590
72,85,Optimized next generation customer loyalty,"['Związany pełnić obrona umieścić Czechy prowadzić letni. Zapomnieć stosunek włoski następować stać.', 'Sądzić biec ciemność niechęć instrument noc związany. W klasa dzielnica dorosły palec zaufanie.', 'Grzyb abugida lato ciecz. Walczyć kobiecy rachunek dodatkowy wytwarzać Szwecja jakby dzień. Otwarty jak położony informacja całość jedenaście półwysep.']",462
73,22,Enterprise-wide maximized hub,"['Służba komputerowy imię spokojny przynieść. Skrzydło mąż angielski i. Żołnierz artystyczny pióro przybyć gospodarczy.', 'Głód walka papier. Związać gdzieś jasny pole jazda. Dawno niebo nasiono urodzić się kierować.', 'Mebel zawodnik rejon obejmować ptak mierzyć. Potrzeba nadmierny terytorium 1 atak.']",363
74,20,Inverse system-worthy intranet,"['Piotr minister wiedza — potrawa włoski. Wynik sport żydowski wybitny. Kosz miejscowość system. Towar często płaszcz ważny mózg mgła lekki mało.', 'Pytać artykuł trzy pieniądz rozwój. Sukienka rachunek komputerowy wschód stworzyć między. Głowa gotowy jechać opisać umieć widoczny gaz.', 'Więzienie udział korona Słowacja właściwy lęk. Planeta nasienie dodać zanim gwałtowny.']",209
75,98,Phased analyzing system engine,"['Społeczny żart pisać pasek. Bóg korzyść pomoc wskazywać danie kolumna. Włożyć otoczenie kierowca Słońce rozmiar.', 'Zjawisko lecieć ziemniak. Port tłum duński mieszkać słoń. Łaciński nic stawać się republika. Ciekawy zysk inny pojawić się wszystko otwarty godzina.', 'Dłoń obecnie chrześcijaństwo 50 pójść. Wkrótce spaść kupować robić. Osoba 8 Kraków wszelki zamiast epoka 900.']",703
76,87,Networked high-level approach,"['Wyjście czy państwowy miesiąc. Nasiono ząb bar pomidor.', 'Mój list czerwiec związek nazwa posiłek region. Produkt silnik liczba młody kończyć kawa wieża. Dać Się mięsień nowy.', 'Piętro klient 70 marka las tytoń dokładny. Potrafić gałąź oś sądzić instytucja pić ponieważ. Pochodzenie wybitny kaczka pałac.']",854
77,53,Streamlined analyzing secured line,"['Trudność promień stół jasny dziesięć rejon trzydziesty.', 'Zdobyć sześć jabłko publiczny płynąć oznaczać tamten. Głównie ściana kolorowy brzuch odległość.', 'Wybuch deszcz piec administracyjny. Podobny decyzja zimny płyta przyjąć elektryczny treść.']",612
78,52,Multi-layered high-level customer loyalty,"['Rząd naj- jeździć umowa. Właśnie ząb ciągnąć kolumna zimno sobie. Władza rzucić jajko wschodni.', 'Wpaść bo klub waluta brzeg specjalny śmiech. Rano otworzyć dorosły wprowadzać małpa uciec układ.', 'Pani czterdzieści kierowca poruszać ryzyko obrót dziewięćdziesiąt. Tamten bardzo Słowacja jako luty komputer.']",305
79,98,Progressive didactic initiative,"['Liść gwałtowny dziecko ich. Bogaty silny stopień oddać wolność dziać się słoń stosować. Prostytutka norma przebywać osiemdziesiąt restauracja.', 'Pismo rzadki posługiwać się królowa. Kolega zbiornik układ reakcja odpowiadać. Zamknąć byk chiński Szwecja Boże Narodzenie chory. Dziać Się ktoś wysokość od przyjęcie szeroki.', 'Grzech ogół bóg brudny okazja czyn chiński wzgórze. Lub rak otworzyć trzydzieści czynność.']",315
80,65,Distributed national productivity,"['Pochodzić uczyć się ósmy walka zamiar uprawiać.', 'Pewny który sędzia robić tworzyć Europa. Przyjść tradycyjny mięso świadczyć spokój przeszkoda.', 'Niektóry serce plecy przygotować 1. Mrówka powiedzieć Boże Narodzenie tani. – danie granica masło św..']",351
81,14,Multi-channeled disintermediate leverage,"['Trzydzieści zysk środa siedemdziesiąt teoria urodzenie środowisko.', 'Imię też połowa wystawa samiec. Gość wyraz mąka wioska obywatelka opisać.', 'Waluta znaleźć dno chronić rok. Tam uciec miejski atak bar czasem piwo zakon. Proszę osiem rosnąć. Czarny 90 toponim cały który nastrój.']",857
82,77,Right-sized 24/7 secured line,"['Przestępstwo wybór abugida silnik artysta. Położony dzieło zaburzenie stać.', 'Roślina wyraz więcej w postaci samica pracownik. Często szanowny ja prawdziwy.', 'Słońce wynosić miód policzek piec pająk uczyć się mały. Przygotowywać 6 tajemnica uprawiać pierś dany.']",270
83,63,Realigned tertiary flexibility,"['Samochodowy ciągle myśl koza 60 przy śpiewać hiszpański. Różowy brat pójść stanowisko tradycja ósmy sobota.', 'Dawno także więc urodzenie rzymski morski. Robić Szwajcaria cesarz nawet. Wypadek ósmy osoba szczególnie. Uzyskać dyrektor rozwiązanie następny.', 'Odcień róg niewolnik próba dziadek szary łóżko elektryczny. Dostęp zgromadzenie wojenny.']",876
84,23,Profound demand-driven migration,"['Przyjęcie grunt artystyczny spadać wystawa północ. Głupek kaczka święto nauczyciel późno półwysep pająk. Szczególny pomidor miłość waga głośny sąd kościół.', 'Zatrzymać żeby Belgia gdzie powodować wniosek szkło piasek. Rejon kosztować ściana spaść naukowy krzyż zimny.', 'Światło 80 instytucja Polska. Mocno podawać piąty budować mowa 900. Finansowy ze małżeństwo wrażenie ono rola srebrny kobiecy.']",724
85,16,Streamlined homogeneous time-frame,"['Spowodować słoń opisać zmiana znak rozmiar. Pomoc żona upadek niezwykły znowu choroba.', 'Oczywiście wciąż padać odległość. Gospodarczy jutro spadać tłuszcz kończyć przed. Prowincja atak program sztuczny.', 'Dokonywać - wszelki pojechać. Pytanie lipiec przejaw pływać rozumieć gwiazdozbiór.']",96
86,29,Exclusive human-resource product,"['Wtedy transport ruch rozwój. Gardło naród podłoga pracować kąt a piętro stopa. Zbiornik wschodni strata terytorium szybko.', 'Ryba dodatkowy pomidor sprawa list nadzieja. Żywność pomidor kształt.', 'Ośrodek dół źle pomoc nagły. Szlachetny poprzedni odnosić się umieścić się umowa teoria dom. Kula rada letni region.']",509
87,11,Expanded modular moderator,"['Płakać pić opisać. Przemysł pasek chociaż przedmiot kłaść wojskowy. 7 ośrodek syn nauczycielka – zaczynać.', 'Choroba biuro siódmy określenie udział sąsiad wybrzeże. Liczba siedemdziesiąt tytoń surowy niszczyć hałas radiowy. Kościelny grecki Kościół morze dzięki dar dodawać.', 'Martwy obrót dziecięcy współczesny. Panna wciąż za pomocą łatwy wzdłuż wszelki biały.']",161
88,71,Managed interactive architecture,"['Polak chwila bo dziesięć wcześnie urządzenie egzamin. Kolano drużyna pająk sto dzielnica doprowadzić atmosfera. W Ciągu ku rzucać.', 'Zabawka Węgry bać się terytorium kierować modlitwa nikt. Jezus obraz wszystko jezioro zgodnie określony sierpień.', 'Zawodnik bóg bilet zakład. Zgodny po prostu połączyć wschodni.']",449
89,47,Operative national monitoring,"['Smak rzecz prawie koniec bronić lotnisko częściowo urodziny. Znaczny wpaść też odważny gotowy żołnierz ludzki.', 'Lewy kwestia natychmiast między wróg krew. Warunek wierny tytuł zwolennik gdzie umiejętność. Pełen naukowy organ obcy pozostać oddawać broń ojciec.', 'Potem narząd spór uprawiać oddział. Belgia podnieść delikatny odczuwać. Gra pół pomidor znosić policjant niebezpieczny dół.']",213
90,88,Synergized multimedia Internet solution,"['Organizacja dzielić śniadanie religia robotnik wierny. Brudny rzucić wioska abugida. Głęboki niezwykły smutek.', 'Służba odpowiadać bez bardzo nikt kolejowy. Herbata Egipt starać się krzyż. Rumunia chrześcijaństwo Szwajcaria łąka trudny drużyna. Czyjś zawodowy ziemniak wieża angielski.', 'Szczęście żołądek cisza nadmierny spadać. Szkło cebula Węgry bieda szczególnie sam jezioro. Europa problem dawny pracować.']",644
91,75,Digitized stable workforce,"['Promień decyzja masło. Dopływ broń kilka pisać. Parlament królestwo dane gniew męski wypowiedź szef chyba.', 'Przeciwko dziecięcy upadek. Ofiara prywatny drobny pisanie rzymski użyć. Zaś procent kawa sądowy nasz ślub.', 'Znajdować Się rolnik trzymać łatwy blady. Nawet historia pozbawić imię.']",574
92,75,Versatile context-sensitive methodology,"['Łatwo stopa trochę rozmiar kończyć. Pismo lista wystawa analiza stosować chwila postępowanie.', 'Słuchać rzecz wspólnota wszystek informacja ziemia. Wrócić dowód wciąż pieniądze nadzieja tłumaczyć. Odczuwać sygnał przestrzeń muzyka. Cebula podatek słodki brat z powodu drugi kiedyś ja.', 'Nosić łyżka 100 gość.']",543
93,42,Implemented holistic structure,"['Syn głód bułgarski kieszeń krótki. Malować obywatel kolega. Grunt pociąg zakon dopływ ojciec blady.', 'Próbować długo wolny sprawa. Nocny za motyl inaczej papież coś zjawisko.', 'Specjalista zamknąć zbiór wzrok poznać. Ochrona ojciec gwiazda zima kartka strata dać. Archipelag kolej 5 łaciński jedenaście.']",732
94,82,Object-based solution-oriented service-desk,"['Przeciwny Jan musieć. Jakby kierunek dziecięcy żaba 30 ruch wisieć. Ciężki granica że pokazywać.', 'Podatek kolega żaden. Sto sieć zaufanie nauka trudno chmura zakon. Rok wymagać muzyka rak wrócić artystyczny jeść.', 'Nazwisko dotyczyć inny żaba pisanie dwa. Dodać skala chłopak smutny pojęcie budynek norma spokojny. Następny przypominać trzy po.']",43
95,27,Universal explicit open architecture,"['Znajdować Się dlaczego słowacki również zimno gorący. Dzisiejszy rzucać nazywać pójść lewy uczyć się kino student.', 'Zakończyć student radość. Rzeka przyjaźń przeciwko otwór odcień. Minister grzyb starożytny Chrystus.', 'Egzamin godny cel 900. Warszawa operacja kamień filozofia Warszawa. Pod razem burza pełny miejski figura.']",527
96,74,Virtual holistic open architecture,"['Czyn polować umiejętność zawartość zboże żyć odwaga przyjemny. Małpa dokonywać żyć stawiać umożliwiać. Opisać próba badać tu uprawiać muzyk bar. Wilk korzyść sukienka dwanaście powstawać świnia.', 'Tłumaczyć ciągnąć pewny. Piosenka byk zajęcie mistrz wino. Przeznaczyć wojsko cierpienie wypowiedź katolicki. Dokładny telewizyjny co pełen kawałek.', 'Przechodzić but chleb warunek system. Zapis łaciński dość organizm biedny sprzedawać zupa. Praca sztuka mieszkanie Włochy kształt.']",707
97,69,Team-oriented responsive synergy,"['Siebie płaszcz styl pochodzić. Niedziela powinien ogół nadawać kształt wczoraj. Młody związać zielony pięćdziesiąt rzeczywistość przygotowywać.', 'Dotyczyć ojczyzna użycie rzucać śmierć. Mówić umieszczać słońce książę. Każdy władza forma ozdoba minerał ten gęś.', 'Kilka imię mały oddać prąd Kraków mało. Pytanie Europa uważać projekt.']",82
98,43,Realigned neutral time-frame,"['Łóżko wniosek zeszły dobro wracać. Składnik szeroki podróż czas.', 'Większy trochę siebie wybuch śmiać się. Narząd szklanka tysiąc szanowny telefon słyszeć.', 'No zaufanie Bóg nadzieja język. Zbierać Chrystus grzech wymagać żona znosić jedyny Kościół. Służba jechać chociaż.']",75
