,Email,Password,FirstName,LastName,Phone,HireDate,Address
0,stefanbrojek@example.com,*5In$gnbtA,Łukasz,Koniec,+48 727 368 533,1994-08-03,"ulica Konstytucji 3 Maja 056
87-007 Skierniewice"
1,wyskieloskar@example.org,&3E1sviuVi,Agnieszka,Prucnal,724 233 484,2001-04-27,"plac Gałczynskiego 38/69
13-813 Bielsk Podlaski"
2,jerzy85@example.net,(6!LhLrgX8,Marika,Gamoń,+48 538 714 280,1979-01-14,"pl. Szczęśliwa 31
92-985 Czerwionka-Leszczyny"
3,cdelikat@example.com,#N7PTvmo&t,Łukasz,Piłka,+48 724 084 544,1996-12-19,"plac Letnia 27
90-422 Bydgoszcz"
4,liwia67@example.org,&0NZ&f0E%0,Tadeusz,Bernatowicz,+48 790 179 320,1984-06-07,"aleja Makuszyńskiego 684
10-743 Piotrków Trybunalski"
5,roksana16@example.com,9)18VdNd%q,Roksana,Fidos,887 322 173,2017-10-14,"pl. Królewska 106
81-226 Wałbrzych"
6,maks69@example.org,7^TEalTd)2,Rafał,Cichowlas,+48 503 963 299,2024-07-26,"ul. Krasickiego 593
71-728 Dębica"
7,franciszekcmiel@example.net,XLsf5tOd*u,Kalina,Madura,+48 32 119 57 95,1977-11-10,"pl. Łanowa 649
15-396 Stalowa Wola"
8,jerzyhetmanczyk@example.com,^WKr1IoxT5,Justyna,Chomiuk,+48 889 072 263,1980-06-04,"aleja Reja 17/84
41-015 Polkowice"
9,alex07@example.com,7qdFsbGq*Y,Kornel,Kieloch,667 863 066,2012-02-20,"al. Pułaskiego 41
74-696 Stargard Szczeciński"
10,ujazwiec@example.com,t3SwICuA$z,Fryderyk,Gebauer,729 426 306,2019-08-08,"pl. Pałacowa 31/30
71-474 Zielona Góra"
11,michalblasik@example.com,u!6G#0Tps&,Witold,Wawryniuk,530 810 991,2000-04-14,"plac Słowicza 62/29
43-616 Legionowo"
12,bchomik@example.org,!5Q53R9&Pq,Gabriel,Fabiańczyk,667 045 086,2023-05-22,"plac Diamentowa 631
26-519 Brodnica"
13,boructadeusz@example.com,Ux*2G3yVBb,Leonard,Getka,697 079 886,1993-12-14,"al. Krańcowa 32/13
59-850 Toruń"
14,kkaliciak@example.net,*q8nYbR@d8,Rafał,Michnowicz,32 180 08 41,2014-07-30,"pl. Skłodowskiej-Curie 13
36-839 Rybnik"
15,arkadiuszlukowiak@example.com,3^EOMc$o)b,Janina,Rutowicz,570 383 383,2023-06-27,"al. Kołłątaja 73/71
06-865 Koło"
16,uslaba@example.com,*0u_DTfdqL,Mariusz,Ryszkiewicz,+48 531 084 966,1981-12-25,"pl. Kochanowskiego 062
83-810 Białogard"
17,mbryczek@example.com,YL+SNp9i#7,Marcel,Durma,+48 604 911 949,2002-10-30,"ul. Jaśminowa 953
60-246 Słupsk"
18,ewawalus@example.org,zn!2Jau0^K,Konstanty,Stefanik,507 898 938,2002-11-05,"ul. Mostowa 60
70-118 Otwock"
19,udziuban@example.net,J*6x^%Vz)o,Mieszko,Jaszczur,537 398 917,2006-06-03,"aleja Parkowa 602
82-047 Kłodzko"
20,feliniakadrianna@example.net,2sa7PvIg6+,Kamil,Policht,+48 510 833 621,1995-03-18,"al. Orzeszkowej 39/46
17-883 Legnica"
21,andrzejkieszek@example.org,(0GUA)e++&,Karol,Wojtaszak,501 021 806,1978-01-16,"aleja Modrzewiowa 751
27-965 Zgorzelec"
22,olga63@example.com,p1PT%EpI^w,Sandra,Kozaczuk,661 382 973,1994-12-29,"plac Bukowa 143
24-385 Kwidzyn"
23,albert23@example.net,N*h36ZHg$Q,Sonia,Freitag,537 216 208,2007-06-08,"aleja Skargi 853
68-975 Tomaszów Mazowiecki"
24,ysereda@example.net,^UvCQ%MA4m,Inga,Stanclik,+48 885 836 450,1998-03-31,"plac Młyńska 69
44-018 Nowy Dwór Mazowiecki"
25,tpospiech@example.org,*1xl%dIb^D,Krzysztof,Keler,+48 697 749 681,2011-01-26,"pl. Sadowa 46/28
20-379 Lublin"
26,leskogustaw@example.net,_9!Ye&*yq+,Marcelina,Czulak,696 009 423,1974-11-16,"al. Dworcowa 12
29-988 Wałbrzych"
27,jacekcymer@example.net,z&9^7Cgq^d,Ryszard,Młocek,503 490 188,1986-12-31,"plac Podleśna 82
09-001 Żyrardów"
28,robertsus@example.org,%uKYCDsg7X,Aniela,Pagacz,507 989 903,2004-05-02,"plac Długosza 519
28-348 Polkowice"
29,adumin@example.com,A#nY80Lp8N,Dominik,Ziółko,+48 699 886 129,1980-08-22,"plac Bursztynowa 48
56-613 Augustów"
30,wiktor38@example.com,@120rAXe5@,Rozalia,Stein,534 104 789,2014-04-02,"plac Jana 920
32-525 Jarosław"
31,gierskamila@example.org,YDeFITfO&6,Fabian,Działak,575 388 648,1996-07-02,"ul. Jodłowa 00/94
70-496 Nowy Targ"
32,anastazja33@example.com,*7)D)TbWld,Konstanty,Sierota,+48 661 719 696,2003-04-02,"al. Dworska 48
08-234 Cieszyn"
33,malewiczstefan@example.com,(48lcmAZ$o,Marianna,Labus,+48 536 753 814,2011-01-22,"ulica Głogowa 10/33
19-466 Wołomin"
34,tpytlarz@example.net,!HV1!JwS9A,Olgierd,Chaba,+48 532 569 641,2013-11-02,"plac Cegielniana 31/78
62-022 Cieszyn"
35,dominik40@example.net,^EBc&F8A+0,Olgierd,Feluś,+48 797 550 535,2025-01-08,"plac Nadbrzeżna 837
23-484 Leszno"
36,cichoslidia@example.net,B0KB7Ka1s#,Ignacy,Skierka,881 306 481,1973-10-10,"al. Łabędzia 26
42-300 Czechowice-Dziedzice"
37,leonardjarkiewicz@example.com,)K8cBl*Q*k,Mikołaj,Hapka,+48 576 778 568,1973-10-02,"pl. Żwirowa 366
91-301 Nowy Dwór Mazowiecki"
38,mklekot@example.org,CD10KV!w@o,Bruno,Grabczak,+48 662 132 299,2000-04-06,"ulica Nowowiejska 40/24
84-509 Dąbrowa Górnicza"
39,patolarozalia@example.com,S^5SOsvYEb,Dagmara,Żabka,+48 503 587 417,2019-09-05,"ul. Wysoka 64
81-535 Zamość"
40,siejanorbert@example.org,gcz6(6Ix#),Igor,Kukier,+48 736 124 367,1988-07-01,"plac Zbożowa 628
27-474 Płońsk"
41,wherbut@example.org,Q3X0i(q7!J,Robert,Majorek,516 126 777,2023-02-20,"al. Glówna 776
89-098 Pruszcz Gdański"
42,julian16@example.org,n^0hMmRR6B,Dagmara,Kruś,730 343 486,1992-06-18,"al. Świerczewskiego 908
95-590 Łaziska Górne"
43,bogaczyklidia@example.org,AwiyWnMw+0,Ida,Zbrożek,+48 518 458 931,2025-01-04,"ul. Piekarska 39
86-911 Szczytno"
44,kudlakalan@example.org,7N7Ci*6X*6,Leonard,Kryszczuk,+48 785 668 754,2009-06-27,"ul. Piwna 83
47-001 Jarocin"
45,nicolepawlos@example.net,&A5RWAjIP_,Kaja,Pietrewicz,22 553 43 60,1979-03-24,"ulica Miłosza 68
87-401 Gniezno"
46,gbarczuk@example.com,$p%Cy1Iq!7,Borys,Hejna,574 257 558,2007-09-11,"plac Jagiellońska 86/48
13-445 Myszków"
47,bogumilwiktor@example.org,A&9FzYjW2Y,Józef,Goik,+48 667 894 836,1986-02-21,"aleja Zakątek 52
73-618 Ostrów Wielkopolski"
48,dytrychmarcelina@example.com,_jHmVjaBM6,Kaja,Mikosz,784 100 903,2021-02-12,"aleja Wspólna 36
10-330 Bartoszyce"
49,hyzyagnieszka@example.net,v7BktKY1^t,Hubert,Macha,+48 696 252 719,1992-11-11,"aleja Solidarnosci 781
25-555 Grudziądz"
50,mateusz79@example.org,))5(@2UeEH,Maciej,Kocaj,505 636 467,1980-06-29,"aleja Żeglarska 21/12
57-862 Środa Wielkopolska"
51,franciszek85@example.net,(%AKLlg*c5,Julian,Maligłówka,+48 519 758 496,2006-11-30,"aleja Owocowa 060
55-213 Zabrze"
52,hubertgras@example.net,99OYr)MF#w,Kazimierz,Lula,+48 787 699 779,1991-11-04,"ul. Storczykowa 08/10
31-902 Piastów"
53,ornatdawid@example.org,lNd6j!Az(6,Sandra,Miękus,786 488 773,2006-07-30,"ulica Wschodnia 60/36
12-341 Wągrowiec"
54,herbatola@example.net,^$Ns7J*V2g,Patryk,Podsiedlik,+48 515 312 624,1989-07-26,"plac Pomorska 644
45-079 Pabianice"
55,zorzeszek@example.org,ZiRGGoWo)1,Tomasz,Matusewicz,+48 506 735 839,2012-08-03,"al. Średnia 05
41-759 Leszno"
56,siatkadorota@example.org,uh@p8uUmks,Anna Maria,Żugaj,32 426 94 03,2022-08-19,"pl. Broniewskiego 94
88-996 Swarzędz"
57,emilgalat@example.com,!GyIGAkMX7,Patryk,Pęksa,+48 607 775 727,1988-01-18,"al. Maja 12
59-582 Oława"
58,xsiewert@example.net,On8Y%DWw*i,Gabriel,Naczk,+48 663 225 003,1982-07-08,"pl. Wspólna 61/57
40-770 Głogów"
59,ryszard05@example.org,&q*%6V!yjI,Klara,Wawrzynkiewicz,887 919 185,1984-06-26,"al. Sosnowa 893
77-194 Ełk"
60,ygetka@example.net,s5Yl9_g2+9,Ewelina,Saran,884 775 252,1992-10-08,"ulica Wrocławska 78
04-551 Września"
61,sebastianbojarczuk@example.net,sKK0Ow4zq#,Rozalia,Łachacz,575 986 957,2018-05-28,"pl. Strażacka 46
96-350 Nowa Ruda"
62,zhasiak@example.org,@5)9FgFi%a,Grzegorz,Baum,+48 721 402 759,2016-01-08,"ul. Podmiejska 88/01
31-879 Czeladź"
63,mareksiemienczuk@example.org,!HyEc2wJ3i,Krzysztof,Mikus,661 217 907,2013-04-03,"plac Wilcza 597
17-197 Iława"
64,jeremi21@example.com,!a0NCRGe*I,Gaja,Teter,+48 796 580 502,1996-07-07,"pl. Toruńska 75
29-604 Świętochłowice"
65,zjaszczur@example.com,o&5QdrGhlu,Gabriel,Gryga,+48 32 570 42 50,2023-12-09,"plac Cisowa 009
25-224 Ostrowiec Świętokrzyski"
66,ochalignacy@example.com,^ih^9N(qnu,Leonard,Obst,783 888 639,2003-04-04,"plac Stroma 136
81-754 Wieluń"
67,oskar35@example.com,(#CS95EgmG,Tymoteusz,Fugiel,+48 502 229 635,2000-04-29,"ul. Głogowa 85
18-682 Biłgoraj"
68,kornelia17@example.org,AVX6Opm*s^,Julianna,Bittner,+48 508 774 410,2014-10-08,"pl. Bukowa 420
08-693 Olsztyn"
69,julian42@example.com,+_4#7Evp_T,Marcel,Malesza,883 879 219,2010-09-17,"al. Wolności 803
36-574 Świnoujście"
70,xstapor@example.com,vh33vILvT_,Ryszard,Matela,+48 725 977 382,2015-08-20,"ulica Wybickiego 25/07
46-089 Oleśnica"
71,zsoltan@example.com,(tIRG9kC9n,Maciej,Gerlach,+48 792 421 597,1972-08-24,"plac Kossaka 09
30-532 Wieluń"
72,otrembadamian@example.net,#7lrBCaw2i,Kornelia,Chlipała,602 941 049,2008-09-08,"plac Lwowska 328
13-423 Czerwionka-Leszczyny"
73,zwaleczek@example.org,(&5Pw!w2#(,Kalina,Sarota,+48 696 609 831,2014-10-15,"plac Norwida 385
36-915 Luboń"
74,krencmarcin@example.com,(A9J(A9h(J,Filip,Sobiło,607 667 346,1993-08-15,"aleja Bolesława Krzywoustego 57/41
25-243 Bielawa"
75,piotr47@example.org,6Xz+6M1v1U,Tymoteusz,Smektała,+48 883 667 924,1979-06-03,"pl. Kruczkowskiego 00
58-955 Gniezno"
76,antoninarozna@example.net,*liPMbh053,Eryk,Tłuczek,726 530 521,2016-10-07,"ulica Sadowa 09/85
58-274 Nowy Dwór Mazowiecki"
77,karinabluszcz@example.com,!x4mBDrpUX,Blanka,Witan,535 772 090,1996-10-26,"plac Nowa 753
56-228 Mysłowice"
78,klara07@example.com,Wi6Oz88Q9&,Albert,Klisz,+48 514 324 988,2023-08-19,"al. Nowa 81/79
68-879 Polkowice"
79,leon85@example.net,9&4Oh9rs(H,Dominik,Boryczko,665 665 086,1998-07-13,"ul. Glówna 70
51-876 Siedlce"
80,uzeman@example.org,$1SlKwqqX1,Igor,Wawrzeńczyk,732 873 942,2022-01-09,"ulica Piwna 22/03
90-896 Inowrocław"
81,juliannakalek@example.net,@(38FNKblS,Sonia,Bujko,602 970 780,1977-08-29,"pl. Akacjowa 080
64-621 Piotrków Trybunalski"
82,bodekjacek@example.org,o5tXVdmp@l,Kamila,Trznadel,888 893 992,1987-06-07,"ulica Władysława Łokietka 14
08-338 Mława"
83,mieszko08@example.org,u*Q4hHk!$N,Sandra,Wylegała,696 858 126,1988-09-20,"ul. Wiosenna 684
31-282 Jawor"
84,daniel84@example.org,!NDaC#sAb8,Norbert,Teper,+48 796 561 882,2024-02-05,"aleja Srebrna 42
79-105 Mikołów"
85,litwamariusz@example.org,QD4N&X^k$x,Tobiasz,Chwedczuk,603 643 053,1996-12-18,"al. Dworcowa 28/14
41-239 Biała Podlaska"
86,sarawojtarowicz@example.org,Yk6sAal&)m,Robert,Dzidek,+48 665 829 591,1981-02-01,"ulica Sosnowa 562
55-836 Świnoujście"
87,skolikfabian@example.net,A97XXt$b)x,Albert,Pilich,501 840 794,2001-08-29,"ul. Dębowa 12/04
30-875 Nowy Dwór Mazowiecki"
88,nelastrzyz@example.com,%h40DLaZah,Aurelia,Troć,608 068 888,2010-06-09,"aleja Tęczowa 96
36-124 Suwałki"
89,kalina12@example.org,3I0UbX3r^c,Urszula,Palej,533 972 841,2024-11-11,"ul. Grunwaldzka 23/59
72-329 Zakopane"
90,hgrosz@example.net,Am67dICi$W,Marcelina,Kukier,532 787 317,1981-01-22,"ulica Kolonia 92/04
54-101 Kraków"
91,halamaaleks@example.com,%vuOe2OsSa,Bartek,Mućko,508 598 359,1988-02-12,"al. Przemysłowa 95
38-540 Malbork"
92,emil67@example.net,65iZ*s%p+R,Dagmara,Zubel,+48 732 872 671,1975-06-06,"al. Orzeszkowej 293
48-907 Skierniewice"
93,lrajczak@example.com,Tl&ZDQSo^5,Filip,Galos,508 292 863,1973-07-21,"pl. Traugutta 87/03
66-178 Ostrowiec Świętokrzyski"
94,stefaniknorbert@example.org,T(F0Sb*D@%,Ryszard,Pawlukiewicz,+48 22 246 07 49,1978-03-26,"ulica Królewska 76
20-161 Marki"
95,rdziugiel@example.org,$b(qM8@ze4,Dagmara,Postawa,+48 795 815 687,1981-02-28,"pl. Paderewskiego 117
64-003 Leszno"
96,gmalka@example.org,_rF(9Voh2y,Tomasz,Samul,+48 22 806 48 49,1986-11-10,"ulica Podgórna 71/09
54-868 Mława"
97,agnieszka28@example.com,_L8+Azk3WU,Miłosz,Różewicz,797 290 137,2008-07-17,"pl. Reja 84
25-740 Łuków"
98,bruno85@example.com,6iVzE&ru*N,Grzegorz,Szumiec,+48 22 276 26 61,1991-01-18,"plac Akacjowa 56/12
34-619 Warszawa"
99,patrykcacko@example.net,+6CU+jijc0,Albert,Półchłopek,+48 665 634 279,2009-06-14,"aleja Ludowa 52
57-043 Kętrzyn"
100,korbutapolonia@example.net,r6AbeT2f#k,Adrianna,Molga,+48 666 071 597,1979-10-01,"pl. Przechodnia 04
27-371 Bielawa"
101,biankabachanek@example.org,4)T8)Zh)%v,Miłosz,Buczma,+48 695 667 046,1974-04-18,"aleja Jabłoniowa 95
86-875 Bełchatów"
102,aurelia70@example.net,5!(8dxV5dv,Sara,Garncarz,578 349 720,2016-10-26,"ulica Skłodowskiej-Curie 79
29-996 Gniezno"
103,tymongospodarek@example.com,GuJ2yjEa*P,Arkadiusz,Spólnik,797 618 643,2010-01-20,"pl. Jałowcowa 878
81-451 Grodzisk Mazowiecki"
104,lpielech@example.net,1UaR8!zJ&Q,Maks,Kałwa,22 725 34 72,2012-12-03,"aleja Skrajna 68
56-743 Łowicz"
105,yjagielka@example.net,$i8UbW^drY,Ksawery,Górnisiewicz,794 790 871,1993-12-07,"plac Piękna 00
14-670 Zambrów"
106,sprawkaernest@example.net,ZPE@QcAD*9,Błażej,Adamów,+48 537 375 114,2003-04-12,"pl. Grunwaldzka 65/92
19-224 Tarnowskie Góry"
107,roskoszoskar@example.net,pOv@YOs7#4,Radosław,Roter,+48 604 730 769,2008-10-26,"ul. Nadrzeczna 495
82-710 Olkusz"
108,nslupek@example.net,B#3zJrtYvF,Adrianna,Zbroszczyk,+48 729 479 988,1991-05-15,"ulica Reymonta 78
24-618 Kalisz"
109,jakub00@example.org,^ZUxngm*r5,Maurycy,Budner,538 102 555,2013-12-28,"plac Baczynskiego 545
39-347 Radomsko"
110,inga84@example.com,#x6d(XZtkc,Paweł,Ogonek,+48 798 335 963,1981-01-09,"pl. Tysiąclecia 944
12-093 Myszków"
111,liskiewiczapolonia@example.com,&VPD$ubxj1,Cyprian,Posmyk,539 165 730,2020-01-20,"pl. Gdańska 82/81
74-317 Turek"
112,melaniabarteczko@example.org,(9oNOc)5A7,Franciszek,Zapora,+48 534 516 523,1979-06-18,"ul. Krokusowa 64
43-438 Jelenia Góra"
113,aleksander99@example.net,Sd3AIAqr(2,Szymon,Guściora,+48 531 876 341,1971-05-13,"aleja Browarna 09
71-951 Legionowo"
114,cjoszko@example.net,d_%Z6BuwqB,Adrian,Świtaj,+48 32 436 25 90,2019-01-31,"al. Kraszewskiego 57/12
80-131 Chełm"
115,fabiankaliciak@example.org,@@Jya5j%38,Konstanty,Mytych,512 080 911,1998-03-31,"aleja Żabia 10
41-617 Ostrów Wielkopolski"
116,juliannakosciolek@example.org,txm7EepuK#,Kamil,Folta,720 208 584,1988-01-05,"al. Wiosenna 17/47
78-733 Lubliniec"
117,patryk45@example.com,+KXelF)g7N,Sandra,Glonek,517 621 084,2015-07-16,"ulica Okrzei 96/28
49-645 Świętochłowice"
118,justyna11@example.com,%5RX1^zO0!,Tymon,Huszcza,+48 603 663 362,1982-03-09,"plac Warszawska 27
17-724 Lubartów"
119,julianchojak@example.net,$c3pHQof+x,Borys,Markiel,+48 534 239 986,2018-07-12,"pl. Żeglarska 37
87-052 Łowicz"
120,agnieszka02@example.net,(8w1Ut2T!v,Blanka,Banyś,883 010 867,2016-07-06,"al. Rataja 77/56
44-514 Pruszcz Gdański"
121,ryszard02@example.net,B^d8S7wx%9,Jędrzej,Gwizdek,661 297 407,2007-03-07,"plac Górna 35
51-051 Chorzów"
122,nikodemkolbusz@example.com,1977ZaZvg@,Marcel,Letkiewicz,510 482 951,2017-01-15,"plac Jaśminowa 82
54-674 Kołobrzeg"
123,ochwatjulianna@example.net,z1Ymp1BS$F,Sonia,Gral,725 656 746,2010-03-09,"aleja Reja 129
35-556 Ruda Śląska"
124,voczkowicz@example.com,^*OrCxqF*6,Róża,Marko,699 959 486,1974-06-11,"aleja Sucharskiego 57
79-715 Szczecin"
125,wiktordoroszkiewicz@example.org,)^4@jgLnBs,Julita,Pizoń,579 997 959,1993-05-29,"aleja Lisia 40
96-672 Lubartów"
126,sebastiandywan@example.org,*3dXt(cPuF,Kazimierz,Kempka,+48 22 129 22 32,2008-07-04,"aleja Malinowa 799
99-786 Jawor"
127,krzysztof22@example.net,+ap2dsLS9n,Konrad,Borysiewicz,+48 515 611 697,2009-11-14,"ulica Jaskółcza 83
90-384 Zakopane"
128,erykcudzich@example.org,fqS8%XZdn^,Angelika,Nitek,32 278 77 93,2021-11-29,"aleja Kosynierów 14/36
58-128 Kraków"
129,gilewicztymoteusz@example.com,#G6Zf9DjQ7,Natasza,Wacławiak,608 515 417,1999-05-21,"aleja Robotnicza 06/58
74-141 Wałbrzych"
130,arturzal@example.com,$P0L88lR(H,Olga,Bryzek,+48 787 879 295,1994-09-26,"al. Mała 900
05-654 Olsztyn"
131,sebastian29@example.com,h45JFIdq2&,Ida,Kopyść,+48 735 613 726,1987-01-12,"ulica Lazurowa 13
22-631 Tczew"
132,boryskoscielak@example.com,_s$QOrlu_9,Monika,Dmoch,+48 791 753 738,1990-06-06,"al. Targowa 38
52-109 Kościerzyna"
133,ignacy61@example.net,a_3kJt6es8,Róża,Kurczak,575 984 343,1993-08-03,"ul. Ludowa 191
71-286 Jarosław"
134,radoslawkierat@example.net,sd3w^aPmk*,Marcel,Giec,665 731 751,1972-09-18,"al. Tartaczna 04
01-159 Przemyśl"
135,kaja17@example.org,2KW2_32pf+,Aleks,Franaszek,600 283 053,2007-10-05,"ulica Brzozowa 22/08
86-506 Oława"
136,latekszymon@example.net,!CQaBd(vS4,Liwia,Kierat,720 187 511,2020-02-27,"pl. Mokra 67/90
45-933 Zakopane"
137,elzbieta05@example.com,1@0I+znfY(,Klara,Swacha,530 826 899,1993-10-09,"plac Osiedlowa 189
97-718 Bartoszyce"
138,oszustryszard@example.com,H19fUOWh*b,Antoni,Stoltmann,789 025 000,2004-05-14,"pl. Piłsudskiego 287
94-786 Będzin"
139,karolfras@example.org,!nXOocOOj0,Mikołaj,Maraszek,+48 531 116 027,1991-09-23,"ulica Lazurowa 87/25
58-233 Piaseczno"
140,butrymanna-maria@example.net,a7%V89Hv#V,Tobiasz,Szumny,22 249 38 39,2015-07-11,"pl. Ogrodowa 22
24-883 Chorzów"
141,marcelinajachna@example.net,)D%vsVjGP3,Tola,Rembacz,+48 784 794 764,2005-11-06,"pl. Wolności 44
78-068 Sochaczew"
142,jryndak@example.net,gkSDy%Zc$9,Igor,Andryszczyk,691 371 203,1994-05-15,"pl. Strażacka 09/32
58-707 Brodnica"
143,danielluc@example.com,6+*6EVkr_d,Radosław,Bystrek,+48 531 264 751,2010-07-13,"al. Jaśminowa 73
08-851 Wyszków"
144,rlademann@example.net,!6^SFN9niW,Inga,Sereda,+48 785 526 494,1971-05-13,"ulica Hallera 02
89-954 Ząbki"
145,piwekcyprian@example.org,%&3zHVbGZy,Olaf,Włodyka,+48 500 892 904,1980-06-18,"al. Andersa 05
45-116 Tczew"
146,agnieszka51@example.net,b#0HQB)n_G,Kornel,Żero,+48 32 980 83 42,1980-07-27,"plac Dolna 95
49-794 Grudziądz"
147,szczypekewa@example.com,@w6ZrfZp#s,Klara,Bancerz,+48 604 488 150,1998-08-04,"ulica Korczaka 54/83
41-285 Stargard Szczeciński"
148,urszulacebo@example.net,Kz9xH5J07%,Cyprian,Glonek,+48 571 341 747,2019-12-06,"ulica Jałowcowa 124
87-511 Zielona Góra"
149,mateuszjaremek@example.org,$S9X%(nZb6,Sonia,Skiepko,728 198 837,1991-05-22,"aleja Cyprysowa 53/67
31-816 Starogard Gdański"
150,putekkrystyna@example.org,bm&29zAxe9,Sara,Idzi,661 215 719,1997-06-17,"aleja Górna 69
41-421 Otwock"
151,jedrzejrudowicz@example.net,_**2JChTU#,Sylwia,Ciastek,505 082 469,2019-11-22,"pl. Jarzębinowa 66/11
33-302 Dąbrowa Górnicza"
152,ydziarmaga@example.org,fZ6XlPhR_G,Roksana,Grund,533 186 083,2001-07-08,"pl. Kochanowskiego 06
16-848 Ciechanów"
153,rsypek@example.net,L5qSxAjq)4,Roksana,Zemanek,693 134 067,2003-12-18,"ulica Zaciszna 16/82
43-113 Zakopane"
154,odudkowiak@example.org,Ft5XEciB)Z,Julita,Kolarz,+48 537 829 799,1998-07-05,"plac Łąkowa 63
18-444 Giżycko"
155,ziajkawojciech@example.net,9BQdD0Xd$%,Jan,Żelazek,606 809 947,1996-08-12,"aleja Ciasna 467
31-858 Sochaczew"
156,tymoteusz37@example.org,Rwc3FdLwh#,Jan,Dytko,+48 533 811 908,2019-10-07,"ul. Porzeczkowa 22/92
95-683 Elbląg"
157,cyprian51@example.org,I#bvr1Sc^p,Mateusz,Stoch,735 558 488,2018-02-20,"al. Słowianska 82
34-473 Elbląg"
158,hellerjulita@example.com,a+2PGCeHnO,Malwina,Galuba,+48 503 886 638,2024-02-06,"plac Dąbrowskiego 33/08
30-106 Starachowice"
159,ykik@example.com,(A@1bR&nMA,Ksawery,Turoń,32 781 33 86,1971-01-30,"ulica Sowia 536
84-289 Śrem"
160,jozefarendarczyk@example.org,0@g@3NHacO,Lidia,Molka,+48 512 495 293,1982-07-14,"al. Andersa 18/79
41-608 Jarocin"
161,apolonia51@example.net,)BH2EtUkAB,Adrianna,Martin,+48 697 304 166,2009-05-20,"ulica Łanowa 813
44-491 Iława"
162,grzegorzaktymoteusz@example.net,Ja+v6&Vic%,Cyprian,Chomiak,+48 664 647 774,2002-11-13,"ul. Orkana 11
03-492 Piastów"
163,agnieszka49@example.org,O!Z9KRcJig,Karina,Borysiewicz,570 033 748,2019-04-06,"al. Przemysłowa 97/79
64-614 Bolesławiec"
164,cyprian05@example.com,6T1P*DmT#s,Franciszek,Misiaszek,501 230 263,1976-08-03,"pl. Witosa 79
12-279 Szczytno"
165,mikolajwojtalewicz@example.com,+sP+TxFkd5,Ewa,Sołoducha,+48 881 185 961,1971-07-05,"pl. Daleka 02
66-426 Swarzędz"
166,jantusk@example.org,d@77ZkRkbS,Norbert,Wojtak,796 817 599,2017-02-01,"ulica Korfantego 07/20
24-908 Brodnica"
167,icyrulik@example.net,bWiTcJqq*7,Anastazja,Mulawa,724 690 055,1987-07-01,"pl. Orkana 62
63-873 Chrzanów"
168,gdukat@example.com,%(6OAoSJkn,Arkadiusz,Hadam,+48 881 922 403,2011-05-09,"ulica Wiatraczna 09/55
25-060 Kołobrzeg"
169,sonia31@example.org,c9Dj_GnV+0,Kacper,Mizia,+48 733 037 019,1998-12-07,"ul. Niecała 89
72-051 Zabrze"
170,andrzejszlaga@example.com,^%5mwSs83z,Fabian,Wojcik,+48 575 036 007,1975-03-14,"pl. Letniskowa 11/83
84-359 Opole"
171,rlaszczyk@example.net,@f_DWPOSw8,Sara,Zbroja,516 049 059,1994-03-26,"aleja Pomorska 817
60-155 Otwock"
172,juliannabubel@example.com,#N23NGEffs,Aurelia,Wons,509 177 078,2022-09-16,"plac Wybickiego 64
16-566 Racibórz"
173,torbusoliwier@example.org,HS)g8Qpe#),Tadeusz,Pałac,+48 515 979 249,1987-02-11,"ul. Parkowa 36/94
48-405 Otwock"
174,kamiljaremko@example.org,5v1EhFgq)N,Damian,Woźniczko,+48 519 890 528,1992-05-14,"al. Nadrzeczna 964
39-277 Bełchatów"
175,dariusz44@example.com,(#7Nf&x2^t,Fabian,Hudzik,511 079 298,1975-02-18,"ul. Fredry 297
59-845 Chojnice"
176,xdzienniak@example.org,*2R&luh3fw,Monika,Gonsior,727 380 547,2000-06-05,"ul. Jesienna 48/60
56-567 Włocławek"
177,arkadiuszwenzel@example.net,^k1TD1C^2$,Józef,Jasica,+48 781 930 167,2019-11-01,"plac Letnia 13
54-393 Myszków"
178,natasza34@example.org,!IS0RU(s#R,Kajetan,Suchenek,+48 22 295 48 48,2009-06-16,"ulica Fredry 91
44-194 Głogów"
179,karinapierz@example.net,eT7O0)Ji3+,Patryk,Samol,22 996 47 11,2009-10-16,"ul. Kalinowa 98
04-059 Augustów"
180,justynaopas@example.com,W)5LjuXmSf,Fryderyk,Szczypiór,698 259 855,1998-06-23,"ul. Zielna 71
90-759 Inowrocław"
181,afranas@example.net,T8b2Qf(%^y,Anita,Tarasek,694 416 498,1981-03-21,"plac Rycerska 48
11-456 Olsztyn"
182,irychel@example.org,7M%w#aFf$e,Alex,Dylik,880 290 181,1991-01-22,"al. Ceglana 734
05-897 Włocławek"
183,dariuszjamrozy@example.com,t(03GLlLFA,Olgierd,Milcarz,602 731 116,2005-12-22,"ul. Listopada 016
08-306 Mielec"
184,agnieszkaspadlo@example.com,^JFxtgLw%1,Inga,Ziegler,+48 889 488 128,2004-03-03,"aleja Turkusowa 72
35-537 Sosnowiec"
185,klara40@example.org,(6Q+SMn67S,Emil,Anders,661 495 902,2021-07-22,"ul. Toruńska 429
30-315 Katowice"
186,roksanarejniak@example.org,4wb&+EmS^5,Ida,Forysiak,+48 604 899 754,2015-10-25,"al. Koralowa 03/66
70-235 Zgierz"
187,urszulamatyszczak@example.com,f5twt%Fd$*,Antoni,Matla,+48 510 184 606,2011-11-08,"ul. Makowa 55
60-350 Żywiec"
188,poredasara@example.org,&cPBY3J2J3,Norbert,Rode,22 407 91 21,1995-05-13,"ulica Listopada 81/95
02-635 Jawor"
189,szajnanataniel@example.net,!8!D)+bRc),Justyna,Chlebek,509 520 427,1992-07-23,"al. Wschodnia 36/09
02-074 Grudziądz"
190,aniela08@example.net,D$e0!Vgpun,Adam,Dudała,664 679 196,2001-05-22,"aleja Bema 89/65
02-030 Płock"
191,dagmara55@example.org,(gg6Zt%lVR,Robert,Rubacha,602 934 207,1976-01-06,"aleja Podgórna 959
91-608 Zakopane"
192,gkopciuch@example.net,u^kk7GnW)*,Roksana,Kutnik,22 877 23 87,1971-07-03,"pl. Rolnicza 801
39-563 Kętrzyn"
193,mkunysz@example.org,8!#*+6Za3Z,Jerzy,Hudzik,601 184 512,1972-12-25,"ulica Okulickiego 25/93
98-398 Turek"
194,dawidmesjasz@example.net,m3OPER80_d,Ignacy,Kempny,511 067 663,2005-03-03,"pl. Przemysłowa 251
07-982 Giżycko"
195,bianka22@example.net,_WJBdPAs!3,Iwo,Dziduch,607 678 130,2018-08-30,"aleja Górna 273
39-462 Chojnice"
196,elzbietapospiech@example.com,cr%3&HPt5h,Alan,Kornet,+48 697 068 932,1977-08-31,"aleja Sikorskiego 253
67-089 Czerwionka-Leszczyny"
197,juliangajdzik@example.com,)Sf@kwBsV5,Adrian,Thomas,+48 732 172 354,2006-11-20,"al. Dąbrowskiej 50
33-621 Zamość"
198,marcinfrydel@example.com,w_2&XJ+h+R,Aniela,Zdonek,530 992 154,1997-12-07,"aleja Towarowa 91/41
56-947 Olsztyn"
199,urszula59@example.org,*3lLxUUaL1,Krystyna,Woszczyna,+48 608 227 173,1975-02-13,"ul. Porzeczkowa 347
40-931 Kłodzko"
200,milczarczykfranciszek@example.net,(+d27Gkbg@,Witold,Niebudek,+48 882 624 267,2020-05-13,"plac Osiedlowa 83/20
16-042 Luboń"
201,lnogiec@example.com,$u6V_sRd8j,Józef,Wasążnik,+48 662 255 524,1989-04-26,"ul. Handlowa 85/59
56-749 Zawiercie"
202,nikodemzawiasa@example.net,PX4Wgq3l_X,Dominik,Kopała,798 737 712,1994-05-02,"ulica Kreta 24
78-420 Puławy"
203,szajmarianna@example.net,*eZCPv0sg1,Borys,Kutek,+48 699 620 541,2023-01-12,"al. Złota 95/59
46-379 Iława"
204,rkunda@example.com,sSXSImIp!6,Ida,Pielach,579 436 774,2001-06-17,"ulica Ogrodowa 34/46
04-585 Gdynia"
205,tomaszpiascik@example.com,^+Rk%5Uuit,Karina,Mętel,+48 791 696 006,1993-06-02,"ulica Mostowa 81/85
59-428 Łaziska Górne"
206,paweltarasek@example.com,$69VQaxZ+$,Nela,Mejer,739 477 167,2009-08-02,"plac Lubelska 18
25-422 Radomsko"
207,iwo39@example.com,8SxKf)a4$k,Maksymilian,Lenc,+48 697 671 914,1986-11-27,"plac Rózana 91
17-032 Oświęcim"
208,ida60@example.org,0OXyhtUr#6,Hubert,Karczmarz,+48 739 842 006,1971-06-14,"aleja Azaliowa 29/97
49-400 Koszalin"
209,gmyszk@example.org,w8VJMiNv^n,Ewa,Gryga,32 596 03 63,1986-03-27,"al. Tysiąclecia 67
85-054 Łuków"
210,sylwiabaumgart@example.com,SH66i^Op(f,Daniel,Wasiuk,737 274 066,1982-10-21,"ulica Zaciszna 22/30
84-212 Płock"
211,marika35@example.net,Nlg0U+En!!,Adam,Majdan,727 230 685,1972-07-05,"ulica Szmaragdowa 45/67
34-976 Ciechanów"
212,tmiszkiewicz@example.com,&5iDm8OoiL,Melania,Lalak,508 939 937,2020-12-11,"ulica Miarki 58
77-658 Radom"
213,marek70@example.net,@pNQ*alh0s,Ida,Doliwa,+48 780 089 749,2008-04-07,"plac Piastowska 32/49
20-323 Wałcz"
214,jakub48@example.com,_&45FYoj*J,Tomasz,Elias,530 882 330,1989-09-25,"aleja Wesoła 746
53-048 Piastów"
215,xmironczuk@example.com,L_Z23J&l9!,Julita,Dębosz,32 122 98 06,1977-03-05,"ulica Sadowa 91/41
80-970 Bielsko-Biała"
216,garczareknorbert@example.com,5r^AJvoG%L,Marcel,Zysk,+48 790 192 643,1999-06-05,"plac Głowackiego 81/54
91-287 Zawiercie"
217,maksymilian57@example.net,_W9g@zOlr!,Sylwia,Gorol,+48 536 148 523,1999-07-28,"aleja Szafirowa 26/62
37-168 Lębork"
218,rozagolak@example.org,17QQUJWs#6,Oliwier,Ochal,+48 793 121 764,2019-04-01,"aleja Kruczkowskiego 336
06-757 Augustów"
219,kmysior@example.org,Sj7CKFDz)*,Tobiasz,Klinger,+48 733 579 467,2010-07-02,"aleja Kasztanowa 821
95-386 Otwock"
220,olgierdpoletek@example.net,7PDOmCo*$i,Klara,Kliszcz,694 096 274,2016-10-17,"ulica Wieniawskiego 088
52-620 Mysłowice"
221,ygorkiewicz@example.com,9qaWDdOx%a,Julita,Balas,603 436 889,1981-02-23,"ul. Widokowa 31/39
99-113 Białystok"
222,marianna12@example.net,L&D36pCmuT,Tola,Kiszczak,796 150 868,1999-03-11,"aleja Jesienna 48
57-854 Słupsk"
223,lukasz08@example.net,*l8LusSzVP,Bianka,Imiołczyk,537 868 689,1982-08-10,"ulica Jastrzębia 952
25-001 Konin"
224,lichonnatasza@example.net,78PBqIxn&5,Oliwier,Drela,+48 607 439 940,2004-04-12,"ul. Korfantego 81/60
80-536 Wyszków"
225,natanielkielbus@example.com,ZxJrfxLL^3,Ewelina,Famuła,733 807 641,2022-06-24,"ulica Parkowa 22/74
35-048 Lębork"
226,erozumek@example.org,qF1YH$uiG#,Julianna,Szramka,+48 579 557 299,1975-03-11,"plac Pułaskiego 92/78
99-553 Wieluń"
227,xgietka@example.org,$0A3hJqq#1,Stefan,Waleczek,+48 887 474 804,1970-01-18,"plac Północna 06/29
92-293 Bełchatów"
228,opokaoliwier@example.com,YeLZx9Fq%+,Konstanty,Borzym,723 348 415,2013-10-27,"aleja Stycznia 953
12-076 Olsztyn"
229,wiktor33@example.com,ZeQ^7fHuq7,Mariusz,Gosz,577 264 454,2021-09-20,"ulica Agrestowa 592
90-944 Wyszków"
230,nicole44@example.net,+UtFEQf05T,Kornel,Nóżka,+48 798 084 617,2014-09-23,"plac Stroma 49/74
19-475 Olsztyn"
231,nicole38@example.net,yht9lUkSB(,Mieszko,Misiaszek,32 722 40 69,2021-08-10,"pl. Jeziorna 83/92
79-307 Knurów"
232,rgoik@example.net,IveD2QKj(3,Jerzy,Kuffel,+48 667 536 747,1996-01-26,"aleja Wierzbowa 146
93-540 Mielec"
233,czupryntadeusz@example.net,TpVU6EUr$9,Olgierd,Laskus,665 235 388,1988-06-12,"pl. Dolna 070
01-725 Elbląg"
234,maurycykukiela@example.com,v@xBU9Teh_,Hubert,Kuncewicz,+48 518 742 403,1990-03-07,"ulica Liliowa 317
43-937 Sopot"
235,ciukadam@example.com,R_4o7WwNV(,Tadeusz,Dolega,609 985 423,2019-01-29,"ulica Głowackiego 94
48-117 Katowice"
236,rozalia22@example.org,EKp56KBpf@,Kaja,Kornet,+48 570 869 765,1990-11-24,"aleja Głogowa 66
81-986 Pruszków"
237,janiszekkarina@example.net,*Z9NobvvX$,Róża,Grębowiec,+48 796 102 017,1988-11-29,"al. Piaskowa 765
33-902 Iława"
238,malyszkakazimierz@example.net,#aJhug9_7P,Jan,Łyp,+48 22 641 69 92,1993-04-27,"al. Lipowa 221
59-634 Zgierz"
239,xkosc@example.com,Q^n8H#4c9E,Mariusz,Kapinos,32 509 63 58,1996-03-06,"al. Zacisze 12
43-690 Pszczyna"
240,xslupik@example.org,2LhU3!Kg7^,Andrzej,Sura,+48 22 300 65 88,1981-01-03,"pl. Jagodowa 28/08
13-177 Bielsko-Biała"
241,olgierdzbiciak@example.org,067D+gESW*,Roksana,Oleszczak,789 967 039,1989-07-10,"ulica Kaliska 220
84-215 Rzeszów"
242,anastazja51@example.net,)0BYeg(en$,Adrianna,Szelest,536 736 814,2003-05-01,"plac Okrężna 806
16-005 Bolesławiec"
243,krzysztof12@example.com,hP$5UylmI+,Ada,Śliż,+48 574 634 939,2005-05-14,"pl. Akacjowa 839
01-960 Starachowice"
244,maraszekandrzej@example.com,Yvayj3Az+v,Igor,Czubaszek,+48 737 203 919,1976-02-04,"ulica Jałowcowa 33
40-867 Inowrocław"
245,mikolajgendera@example.org,^1Ak%djJ4H,Leonard,Burza,+48 782 799 448,1973-09-20,"plac Ciasna 578
17-541 Lubartów"
246,nikodemzys@example.com,5gX5P9Sn&+,Tomasz,Makaruk,+48 699 428 570,2014-11-24,"ulica Stefana Batorego 93/86
26-486 Goleniów"
247,malwina10@example.com,c&t@7MiJt0,Aniela,Cydzik,660 923 639,1991-12-21,"aleja Szarych Szeregów 87/70
82-467 Września"
248,zbrzezniakjakub@example.com,@40WDjJziD,Karol,Kunc,721 941 400,2011-02-27,"pl. Morcinka 24/82
37-345 Wągrowiec"
249,marekroskosz@example.net,ojmCkYyj@6,Wiktor,Doroszuk,660 926 006,2002-12-08,"aleja Urocza 37
11-809 Kętrzyn"
250,natasza00@example.net,@aaK1Kfqi8,Kajetan,Szela,720 823 566,1986-04-06,"al. Dębowa 81/01
52-818 Inowrocław"
251,mpiekacz@example.com,hy9Qk)NX_8,Leon,Nagórka,513 615 372,2011-06-25,"aleja Szmaragdowa 66/58
06-492 Poznań"
252,buchalikadrianna@example.net,Pn%Kn2FjS%,Arkadiusz,Godzik,22 841 60 64,2013-12-15,"al. Chabrowa 81
30-008 Dąbrowa Górnicza"
253,igor92@example.net,$KLRe7%zk3,Marcel,Kalista,886 841 163,2007-11-24,"ul. Kamienna 17
63-865 Otwock"
254,kcheba@example.org,i8wGYg3l$L,Wojciech,Siergiej,796 133 847,2008-06-03,"ulica Asnyka 37
93-001 Czeladź"
255,tbugiel@example.org,&fNOuX665j,Krystian,Znojek,508 336 060,1990-02-25,"plac Dąbrowskiej 288
61-626 Koszalin"
256,qgierek@example.org,VK4S7JPu@5,Ewelina,Komander,+48 798 452 590,1979-03-07,"ulica Szeroka 07
28-066 Wałbrzych"
257,makswoszczak@example.com,)6GHlmzo^w,Olgierd,Czopik,+48 691 216 099,2011-12-23,"plac Traugutta 60/96
91-826 Radomsko"
258,fpiejko@example.com,7X6zWVcJ_@,Wojciech,Faryna,+48 883 059 773,1972-11-10,"plac Staszica 718
57-507 Goleniów"
259,dawid52@example.com,!89X8xnWu%,Igor,Zacharewicz,+48 518 071 046,2018-11-04,"al. Zaułek 88
91-234 Malbork"
260,kozienbartek@example.net,u7ZTyha9(L,Miłosz,Gal,22 970 95 82,2000-10-07,"aleja Słowackiego 96/84
65-451 Gdynia"
261,daniel40@example.org,#1^HGTvfUb,Kazimierz,Pyc,+48 32 220 84 17,1996-05-21,"aleja Malinowa 66
88-550 Ostróda"
262,zpatrzalek@example.net,w@213CTot+,Ida,Poniedziałek,+48 882 732 884,2002-04-03,"plac Zamkowa 52
20-816 Pruszcz Gdański"
263,ryszardwawszczak@example.net,!1KUGZ*N#x,Łukasz,Wasyluk,575 299 978,1970-07-08,"ulica Miarki 41/05
04-918 Zabrze"
264,patryk43@example.com,k^99lKxEBc,Bruno,Janc,+48 514 977 438,1991-12-08,"ulica Piaskowa 323
47-594 Kędzierzyn-Koźle"
265,pawel61@example.org,$32TgWgZyo,Radosław,Wyrostek,573 430 245,2007-03-16,"aleja Rynek 486
49-238 Zielona Góra"
266,ndurczok@example.com,)70SbqkBg$,Marcin,Sasak,536 612 814,1978-01-23,"ul. Zielna 34/92
31-944 Pszczyna"
267,salacholgierd@example.org,#TH9BYmiXt,Julianna,Pazik,+48 738 996 780,1990-04-17,"plac Krasickiego 00/94
42-853 Sopot"
268,mlachut@example.net,Uk)wRXWo^5,Aleks,Pysz,516 982 811,1972-06-28,"pl. Środkowa 01
17-879 Nowy Targ"
269,maks65@example.org,1zD_)8B*v+,Gabriel,Chwedczuk,+48 607 965 423,1998-07-23,"ulica Cegielniana 33/10
39-441 Zduńska Wola"
270,bartekstapor@example.com,)0Yv##opgx,Stanisław,Skup,+48 669 286 001,2015-10-10,"plac Konarskiego 645
27-859 Lubliniec"
271,rjaskola@example.com,)u$Q7NJc@0,Sara,Kopyt,888 103 430,2002-06-10,"pl. Spółdzielcza 842
89-119 Goleniów"
272,przemyslaw85@example.net,(9O(mJaAnh,Olgierd,Witka,+48 699 411 001,2003-08-13,"aleja Wspólna 10/20
95-706 Koło"
273,szalatajulita@example.org,Z9SGspNB_5,Nicole,Kożuszek,+48 32 537 58 16,1996-12-11,"ulica Floriana 77/08
39-239 Poznań"
274,gaja79@example.net,6gZ$3oCwMj,Gustaw,Słoń,574 492 437,2008-01-27,"ulica Swierkowa 35
57-257 Żary"
275,rykalamaciej@example.com,8@4#(EY9fr,Marcin,Szczubełek,729 722 208,2000-01-05,"plac Łączna 70/09
58-202 Piotrków Trybunalski"
276,ignacycichowlas@example.com,0I!9HRmeL^,Adam,Lisik,576 864 965,2000-10-06,"ulica Błękitna 20/44
32-671 Kraśnik"
277,olgierd39@example.org,$*3+R9XqDV,Bruno,Łuszczyk,509 465 496,1989-07-21,"ulica Tartaczna 84/67
03-091 Leszno"
278,mkielbowicz@example.com,#5X!5RHn$s,Kaja,Skubis,32 890 93 54,1972-02-04,"ulica Okulickiego 370
38-300 Legnica"
279,protasiuktymoteusz@example.net,ns3()C2b@4,Fryderyk,Soczówka,532 563 492,1991-01-08,"pl. Cisowa 24/31
85-177 Pszczyna"
280,emurat@example.net,$(e9Wbdr(V,Lidia,Szałkiewicz,723 745 931,2017-06-24,"ulica Szkolna 45/40
39-016 Śrem"
281,wojslawnorbert@example.net,!(I8Dc!lbZ,Borys,Ulfik,+48 889 346 703,1985-03-23,"ul. Górna 23/90
63-673 Chełm"
282,dawidkutek@example.org,P@7sGA3n!G,Sara,Koterba,+48 608 132 869,2019-08-20,"pl. Okrężna 90
02-685 Chrzanów"
283,dariusz93@example.com,g2TBYBq@)!,Jan,Łuckiewicz,574 103 372,1988-08-29,"aleja Wierzbowa 80
05-247 Ostrów Wielkopolski"
284,grajjustyna@example.com,SO36SS9lF!,Karol,Wolańczyk,+48 738 167 594,2013-08-29,"ulica Konwaliowa 02/21
28-484 Krotoszyn"
285,czubaszekmarek@example.net,AM0SwcyvA*,Tomasz,Duszczak,+48 783 518 564,2000-09-25,"ul. Stycznia 150
64-198 Tczew"
286,ryszard70@example.com,5iEmLa8h(0,Krystian,Aleksander,+48 739 894 265,1989-10-16,"al. Krokusowa 752
39-482 Kościan"
287,oholota@example.org,2a4WpVG6M&,Olgierd,Wziątek,+48 738 348 391,1977-03-01,"aleja Willowa 79/78
49-425 Starogard Gdański"
288,maurycybuszko@example.com,j_4HPEv1EG,Konrad,Wiencek,+48 506 216 019,2002-05-21,"aleja Królewska 77
92-431 Żary"
289,nataniel38@example.org,HUH!Q4Fk93,Antoni,Głowienka,793 970 772,2005-11-05,"ulica Traugutta 22
79-537 Tczew"
290,anastazjakalista@example.net,IiR8MrzRs@,Mieszko,Kornet,+48 537 762 096,2013-11-15,"ul. Jodłowa 42
38-578 Koszalin"
291,szambelankornel@example.org,C^26ZKwxc9,Fabian,Steuer,+48 723 790 843,2006-04-16,"ulica Ludowa 75
88-596 Zawiercie"
292,maksficon@example.org,#1Zy%TM*3Z,Julian,Chomiak,609 564 671,1987-04-06,"aleja Prusa 06/05
09-114 Giżycko"
293,korzeniakwojciech@example.org,XM1%4WZpx%,Gustaw,Sawko,519 571 351,2006-04-23,"ul. Zacisze 640
69-375 Starachowice"
294,patrykliss@example.net,)53Zgq_cJm,Aurelia,Gruszczyk,+48 664 907 114,1988-06-19,"al. Promienna 57/74
38-459 Rybnik"
295,ybzdziuch@example.net,@7UYae&CK1,Łukasz,Sypuła,666 160 760,2017-03-22,"pl. Toruńska 42/60
12-404 Wyszków"
296,salwindariusz@example.org,P_ri16Zfty,Bianka,Knieć,+48 579 090 327,2011-10-04,"ulica Słowicza 590
04-661 Białogard"
297,pycpatryk@example.net,(da3WQcbSk,Roksana,Stachewicz,532 079 886,1982-03-17,"al. Kamienna 26
81-380 Koszalin"
298,leon93@example.net,5w1Ok)KT1),Nikodem,Bobik,690 964 194,1975-05-31,"ul. Hallera 40/45
26-024 Białystok"
